Year,Month,Day,Hour,Minute,Second,Millisecond,taskTime,state,pos.x,pos.y,pos.z,eulerAngle.x,eulerAngle.y,eulerAngle.z,trackTime,desiredPoint.x,desiredPoint.y,desiredPoint.z
2023,10,27,11,32,02,378,2.00272e-05,0,0.379857,2.23759,0.08492,-0.859437,0.974028,322.174,1.39067e-309,0,0,0
2023,10,27,11,32,02,379,0.00103188,0,0.38583,2.24841,0.08898,-0.802141,1.08862,322.174,1.39067e-309,0,0,0
2023,10,27,11,32,02,399,0.0211174,0,0.38583,2.24841,0.08898,-0.802141,1.08862,322.174,1.39067e-309,0,0,0
2023,10,27,11,32,02,419,0.0410991,0,0.38583,2.24841,0.08898,-0.802141,1.14592,322.174,1.39067e-309,0,0,0
2023,10,27,11,32,02,439,0.0611784,0,0.357214,2.23495,0.08704,-0.802141,1.14592,322.174,1.39067e-309,0,0,0
2023,10,27,11,32,02,459,0.081099,0,0.357214,2.23495,0.08704,-0.802141,1.14592,322.174,1.39067e-309,0,0,0
2023,10,27,11,32,02,479,0.101111,0,0.354406,2.23861,0.08724,-0.802141,1.14592,322.174,1.39067e-309,0,0,0
2023,10,27,11,32,02,499,0.121098,0,0.354406,2.23861,0.08724,-0.802141,1.14592,322.174,1.39067e-309,0,0,0
2023,10,27,11,32,02,519,0.141111,0,0.362598,2.24069,0.08602,-0.802141,1.14592,322.174,1.39067e-309,0,0,0
2023,10,27,11,32,02,539,0.161103,0,0.362598,2.24069,0.08602,-0.802141,1.14592,322.231,1.39067e-309,0,0,0
2023,10,27,11,32,02,560,0.181156,0,0.385575,2.23524,0.08726,-0.802141,1.14592,322.231,1.39067e-309,0,0,0
2023,10,27,11,32,02,579,0.201102,0,0.385575,2.23524,0.08726,-0.802141,1.14592,322.231,1.39067e-309,0,0,0
2023,10,27,11,32,02,600,0.221124,0,0.385575,2.23524,0.08726,-0.802141,1.14592,322.231,1.39067e-309,0,0,0
2023,10,27,11,32,02,620,0.241115,0,0.354563,2.22376,0.08684,-0.802141,1.14592,322.231,1.39067e-309,0,0,0
2023,10,27,11,32,02,640,0.261375,0,0.359798,2.21559,0.09126,-0.802141,1.14592,322.231,1.39067e-309,0,0,0
2023,10,27,11,32,02,659,0.281105,0,0.359798,2.21559,0.09126,-0.802141,1.08862,322.231,1.39067e-309,0,0,0
2023,10,27,11,32,02,680,0.301133,0,0.359226,2.22414,0.0917,-0.802141,1.08862,322.231,1.39067e-309,0,0,0
2023,10,27,11,32,02,699,0.321094,0,0.359226,2.22414,0.0917,-0.802141,1.08862,322.231,1.39067e-309,0,0,0
2023,10,27,11,32,02,721,0.341134,0,0.359226,2.22414,0.0917,-0.802141,1.08862,322.231,1.39067e-309,0,0,0
2023,10,27,11,32,02,739,0.361122,0,0.3675,2.22952,0.09168,-0.859437,1.08862,322.231,1.39067e-309,0,0,0
2023,10,27,11,32,02,759,0.381118,0,0.3675,2.22952,0.09168,-0.859437,1.08862,322.231,1.39067e-309,0,0,0
2023,10,27,11,32,02,779,0.401101,0,0.37898,2.23412,0.09148,-0.859437,1.08862,322.231,1.39067e-309,0,0,0
2023,10,27,11,32,02,799,0.421114,0,0.37898,2.23412,0.09148,-0.859437,1.08862,322.231,1.39067e-309,0,0,0
2023,10,27,11,32,02,819,0.441102,0,0.369924,2.22795,0.09096,-0.859437,1.08862,322.231,1.39067e-309,0,0,0
2023,10,27,11,32,02,839,0.46111,0,0.369924,2.22795,0.09096,-0.859437,1.08862,322.231,1.39067e-309,0,0,0
2023,10,27,11,32,02,859,0.481116,0,0.348364,2.22479,0.08998,-0.859437,1.14592,322.231,1.39067e-309,0,0,0
2023,10,27,11,32,02,879,0.501119,0,0.348364,2.22479,0.08998,-0.859437,1.14592,322.231,1.39067e-309,0,0,0
2023,10,27,11,32,02,899,0.521099,0,0.348364,2.22479,0.08998,-0.859437,1.14592,322.231,1.39067e-309,0,0,0
2023,10,27,11,32,02,919,0.541127,0,0.360502,2.23924,0.08264,-0.859437,1.14592,322.231,1.39067e-309,0,0,0
2023,10,27,11,32,02,939,0.561119,0,0.360502,2.23924,0.08264,-0.859437,1.14592,322.231,1.39067e-309,0,0,0
2023,10,27,11,32,02,960,0.581115,0,0.348715,2.24734,0.08162,-0.859437,1.14592,322.231,1.39067e-309,0,0,0
2023,10,27,11,32,02,979,0.6011,0,0.352519,2.25933,0.08178,-0.859437,1.14592,322.231,1.39067e-309,0,0,0
2023,10,27,11,32,02,999,0.621115,0,0.352519,2.25933,0.08178,-0.859437,1.14592,322.231,1.39067e-309,0,0,0
2023,10,27,11,32,03,019,0.641095,0,0.352519,2.25933,0.08178,-0.859437,1.14592,322.231,1.39067e-309,0,0,0
2023,10,27,11,32,03,041,0.662557,0,0.343334,2.25227,0.0816,-0.859437,1.14592,322.231,1.39067e-309,0,0,0
2023,10,27,11,32,03,059,0.681103,0,0.343334,2.25227,0.0816,-0.859437,1.14592,322.231,1.39067e-309,0,0,0
2023,10,27,11,32,03,079,0.701102,0,0.354395,2.24624,0.08184,-0.859437,1.14592,322.231,1.39067e-309,0,0,0
2023,10,27,11,32,03,099,0.721119,0,0.354395,2.24624,0.08184,-0.859437,1.14592,322.231,1.39067e-309,0,0,0
2023,10,27,11,32,03,119,0.741132,0,0.355247,2.22705,0.08172,-0.859437,1.14592,322.231,1.39067e-309,0,0,0
2023,10,27,11,32,03,139,0.761106,0,0.355247,2.22705,0.08172,-0.859437,1.14592,322.231,1.39067e-309,0,0,0
2023,10,27,11,32,03,161,0.782463,0,0.366553,2.2171,0.0815,-0.859437,1.14592,322.231,1.39067e-309,0,0,0
2023,10,27,11,32,03,180,0.80144,0,0.366553,2.2171,0.0815,-0.859437,1.14592,322.231,1.39067e-309,0,0,0
2023,10,27,11,32,03,202,0.824288,0,0.374637,2.2246,0.08384,-0.859437,1.14592,322.231,1.39067e-309,0,0,0
2023,10,27,11,32,03,219,0.841119,0,0.374637,2.2246,0.08384,-0.859437,1.14592,322.231,1.39067e-309,0,0,0
2023,10,27,11,32,03,239,0.861096,0,0.374637,2.2246,0.08384,-0.859437,1.14592,322.231,1.39067e-309,0,0,0
2023,10,27,11,32,03,259,0.881113,0,0.380877,2.2281,0.08538,-0.859437,1.14592,322.231,1.39067e-309,0,0,0
2023,10,27,11,32,03,279,0.901113,0,0.380877,2.2281,0.08538,-0.859437,1.14592,322.231,1.39067e-309,0,0,0
2023,10,27,11,32,03,299,0.921121,0,0.345763,2.22534,0.0855,-0.859437,1.14592,322.231,1.39067e-309,0,0,0
2023,10,27,11,32,03,319,0.941099,0,0.347322,2.22071,0.08544,-0.859437,1.14592,322.231,1.39067e-309,0,0,0
2023,10,27,11,32,03,339,0.961118,0,0.347322,2.22071,0.08544,-0.859437,1.14592,322.231,1.39067e-309,0,0,0
2023,10,27,11,32,03,359,0.981106,0,0.347322,2.22071,0.08544,-0.859437,1.14592,322.231,1.39067e-309,0,0,0
2023,10,27,11,32,03,379,1.00111,0,0.352047,2.24135,0.0857,-0.859437,1.14592,322.231,1.39067e-309,0,0,0
2023,10,27,11,32,03,400,1.02113,0,0.352047,2.24135,0.0857,-0.859437,1.14592,322.231,1.39067e-309,0,0,0
2023,10,27,11,32,03,419,1.04133,0,0.366346,2.24059,0.08698,-0.859437,1.14592,322.231,1.39067e-309,0,0,0
2023,10,27,11,32,03,439,1.06111,0,0.366346,2.24059,0.08698,-0.859437,1.14592,322.231,1.39067e-309,0,0,0
2023,10,27,11,32,03,460,1.08161,0,0.375202,2.23457,0.08632,-0.859437,1.14592,322.231,1.39067e-309,0,0,0
2023,10,27,11,32,03,479,1.10111,0,0.375202,2.23457,0.08632,-0.859437,1.14592,322.231,1.39067e-309,0,0,0
2023,10,27,11,32,03,500,1.12143,0,0.358114,2.21638,0.0859,-0.859437,1.14592,322.231,1.39067e-309,0,0,0
2023,10,27,11,32,03,519,1.14111,0,0.358114,2.21638,0.0859,-0.859437,1.14592,322.231,1.39067e-309,0,0,0
2023,10,27,11,32,03,539,1.1611,0,0.358114,2.21638,0.0859,-0.859437,1.14592,322.231,1.39067e-309,0,0,0
2023,10,27,11,32,03,559,1.18115,0,0.370594,2.22426,0.08648,-0.859437,1.14592,322.231,1.39067e-309,0,0,0
2023,10,27,11,32,03,579,1.20111,0,0.370594,2.22426,0.08648,-0.859437,1.14592,322.231,1.39067e-309,0,0,0
2023,10,27,11,32,03,599,1.22115,0,0.352533,2.23332,0.08724,-0.859437,1.14592,322.231,1.39067e-309,0,0,0
2023,10,27,11,32,03,619,1.24114,0,0.369338,2.24413,0.0877,-0.859437,1.14592,322.231,1.39067e-309,0,0,0
2023,10,27,11,32,03,639,1.26116,0,0.369338,2.24413,0.0877,-0.859437,1.14592,322.231,1.39067e-309,0,0,0
2023,10,27,11,32,03,659,1.28114,0,0.369338,2.24413,0.0877,-0.859437,1.14592,322.231,1.39067e-309,0,0,0
2023,10,27,11,32,03,679,1.3011,0,0.372855,2.23735,0.08886,-0.859437,1.14592,322.231,1.39067e-309,0,0,0
2023,10,27,11,32,03,699,1.32113,0,0.372855,2.23735,0.08886,-0.859437,1.14592,322.231,1.39067e-309,0,0,0
2023,10,27,11,32,03,719,1.34111,0,0.374033,2.22965,0.08842,-0.859437,1.14592,322.231,1.39067e-309,0,0,0
2023,10,27,11,32,03,739,1.3611,0,0.374033,2.22965,0.08842,-0.859437,1.14592,322.231,1.39067e-309,0,0,0
2023,10,27,11,32,03,759,1.38111,0,0.357544,2.20431,0.08894,-0.859437,1.14592,322.231,1.39067e-309,0,0,0
2023,10,27,11,32,03,779,1.4011,0,0.357544,2.20431,0.08894,-0.859437,1.14592,322.231,1.39067e-309,0,0,0
2023,10,27,11,32,03,799,1.42111,0,0.365472,2.22206,0.08816,-0.859437,1.14592,322.231,1.39067e-309,0,0,0
2023,10,27,11,32,03,819,1.4411,0,0.365472,2.22206,0.08816,-0.859437,1.14592,322.231,1.39067e-309,0,0,0
2023,10,27,11,32,03,839,1.46112,0,0.365472,2.22206,0.08816,-0.859437,1.14592,322.231,1.39067e-309,0,0,0
2023,10,27,11,32,03,859,1.4811,0,0.35348,2.21783,0.08798,-0.859437,1.14592,322.231,1.39067e-309,0,0,0
2023,10,27,11,32,03,879,1.50111,0,0.35348,2.21783,0.08798,-0.859437,1.14592,322.231,1.39067e-309,0,0,0
2023,10,27,11,32,03,899,1.5211,0,0.378069,2.22894,0.08698,-0.859437,1.14592,322.231,1.39067e-309,0,0,0
2023,10,27,11,32,03,919,1.54111,0,0.385994,2.23926,0.08658,-0.859437,1.08862,322.231,1.39067e-309,0,0,0
2023,10,27,11,32,03,939,1.56114,0,0.385994,2.23926,0.08658,-0.859437,1.14592,322.231,1.39067e-309,0,0,0
2023,10,27,11,32,03,959,1.58111,0,0.385994,2.23926,0.08658,-0.859437,1.14592,322.231,1.39067e-309,0,0,0
2023,10,27,11,32,03,979,1.6011,0,0.38379,2.24463,0.08754,-0.859437,1.14592,322.231,1.39067e-309,0,0,0
2023,10,27,11,32,03,999,1.62112,0,0.38379,2.24463,0.08754,-0.859437,1.14592,322.231,1.39067e-309,0,0,0
2023,10,27,11,32,04,020,1.64111,0,0.380985,2.23814,0.08742,-0.859437,1.14592,322.231,1.39067e-309,0,0,0
2023,10,27,11,32,04,039,1.66111,0,0.380985,2.23814,0.08742,-0.859437,1.14592,322.231,1.39067e-309,0,0,0
2023,10,27,11,32,04,059,1.68111,0,0.384403,2.22259,0.08832,-0.859437,1.14592,322.231,1.39067e-309,0,0,0
2023,10,27,11,32,04,079,1.70114,0,0.384403,2.22259,0.08832,-0.859437,1.14592,322.231,1.39067e-309,0,0,0
2023,10,27,11,32,04,099,1.7211,0,0.366744,2.20835,0.08848,-0.859437,1.08862,322.231,1.39067e-309,0,0,0
2023,10,27,11,32,04,119,1.74114,0,0.366744,2.20835,0.08848,-0.859437,1.08862,322.289,1.39067e-309,0,0,0
2023,10,27,11,32,04,139,1.76113,0,0.366744,2.20835,0.08848,-0.859437,1.08862,322.289,1.39067e-309,0,0,0
2023,10,27,11,32,04,159,1.78112,0,0.372045,2.2176,0.08988,-0.859437,1.14592,322.289,1.39067e-309,0,0,0
2023,10,27,11,32,04,179,1.8011,0,0.372045,2.2176,0.08988,-0.859437,1.14592,322.289,1.39067e-309,0,0,0
2023,10,27,11,32,04,199,1.82111,0,0.371849,2.22093,0.08818,-0.859437,1.14592,322.231,1.39067e-309,0,0,0
2023,10,27,11,32,04,219,1.8411,0,0.372868,2.22823,0.08684,-0.859437,1.14592,322.231,1.39067e-309,0,0,0
2023,10,27,11,32,04,239,1.86112,0,0.372868,2.22823,0.08684,-0.859437,1.14592,322.231,1.39067e-309,0,0,0
2023,10,27,11,32,04,259,1.8811,0,0.372868,2.22823,0.08684,-0.859437,1.14592,322.231,1.39067e-309,0,0,0
2023,10,27,11,32,04,280,1.90118,0,0.372052,2.22235,0.08588,-0.859437,1.14592,322.231,1.39067e-309,0,0,0
2023,10,27,11,32,04,299,1.9211,0,0.372052,2.22235,0.08588,-0.859437,1.14592,322.231,1.39067e-309,0,0,0
2023,10,27,11,32,04,319,1.94111,0,0.377209,2.23369,0.08544,-0.859437,1.14592,322.289,1.39067e-309,0,0,0
2023,10,27,11,32,04,339,1.96109,0,0.377209,2.23369,0.08544,-0.859437,1.14592,322.289,1.39067e-309,0,0,0
2023,10,27,11,32,04,359,1.98111,0,0.374489,2.24297,0.0855,-0.859437,1.14592,322.289,1.39067e-309,0,0,0
2023,10,27,11,32,04,379,2.0011,0,0.374489,2.24297,0.0855,-0.859437,1.14592,322.289,1.39067e-309,0,0,0
2023,10,27,11,32,04,399,2.02112,0,0.374489,2.24297,0.0855,-0.859437,1.14592,322.289,1.39067e-309,0,0,0
2023,10,27,11,32,04,419,2.0411,0,0.330701,2.2416,0.08502,-0.859437,1.14592,322.289,1.39067e-309,0,0,0
2023,10,27,11,32,04,439,2.06111,0,0.330701,2.2416,0.08502,-0.859437,1.14592,322.289,1.39067e-309,0,0,0
2023,10,27,11,32,04,459,2.0811,0,0.340332,2.23533,0.08528,-0.859437,1.08862,322.289,1.39067e-309,0,0,0
2023,10,27,11,32,04,480,2.10113,0,0.336723,2.22321,0.086,-0.802141,1.08862,322.289,1.39067e-309,0,0,0
2023,10,27,11,32,04,499,2.12111,0,0.336723,2.22321,0.086,-0.802141,1.08862,322.289,1.39067e-309,0,0,0
2023,10,27,11,32,04,519,2.14112,0,0.340753,2.22501,0.08706,-0.859437,1.08862,322.289,1.39067e-309,0,0,0
2023,10,27,11,32,04,539,2.16116,0,0.340753,2.22501,0.08706,-0.859437,1.14592,322.289,1.39067e-309,0,0,0
2023,10,27,11,32,04,559,2.18113,0,0.340753,2.22501,0.08706,-0.859437,1.14592,322.289,1.39067e-309,0,0,0
2023,10,27,11,32,04,579,2.2011,0,0.337555,2.22956,0.08736,-0.859437,1.14592,322.289,1.39067e-309,0,0,0
2023,10,27,11,32,04,599,2.22111,0,0.337555,2.22956,0.08736,-0.859437,1.14592,322.231,1.39067e-309,0,0,0
2023,10,27,11,32,04,619,2.2411,0,0.368034,2.23497,0.08792,-0.859437,1.14592,322.289,1.39067e-309,0,0,0
2023,10,27,11,32,04,639,2.26111,0,0.368034,2.23497,0.08792,-0.859437,1.14592,322.289,1.39067e-309,0,0,0
2023,10,27,11,32,04,659,2.28111,0,0.391416,2.23115,0.088,-0.859437,1.14592,322.289,1.39067e-309,0,0,0
2023,10,27,11,32,04,679,2.30111,0,0.391416,2.23115,0.088,-0.859437,1.14592,322.289,1.39067e-309,0,0,0
2023,10,27,11,32,04,699,2.32109,0,0.384811,2.22529,0.0859,-0.859437,1.14592,322.231,1.39067e-309,0,0,0
2023,10,27,11,32,04,719,2.34121,0,0.384811,2.22529,0.0859,-0.859437,1.14592,322.289,1.39067e-309,0,0,0
2023,10,27,11,32,04,739,2.36111,0,0.37683,2.23751,0.08524,-0.859437,1.14592,322.231,1.39067e-309,0,0,0
2023,10,27,11,32,04,759,2.38111,0,0.37683,2.23751,0.08524,-0.859437,1.14592,322.231,1.39067e-309,0,0,0
2023,10,27,11,32,04,779,2.4011,0,0.37683,2.23751,0.08524,-0.859437,1.14592,322.231,1.39067e-309,0,0,0
2023,10,27,11,32,04,799,2.42112,0,0.376842,2.23023,0.08514,-0.859437,1.14592,322.231,1.39067e-309,0,0,0
2023,10,27,11,32,04,819,2.44111,0,0.376842,2.23023,0.08514,-0.802141,1.14592,322.231,1.39067e-309,0,0,0
2023,10,27,11,32,04,839,2.46113,0,0.378992,2.23577,0.08272,-0.859437,1.14592,322.231,1.39067e-309,0,0,0
2023,10,27,11,32,04,859,2.4811,0,0.381461,2.23594,0.08324,-0.859437,1.08862,322.231,1.39067e-309,0,0,0
2023,10,27,11,32,04,879,2.50111,0,0.381461,2.23594,0.08324,-0.859437,1.14592,322.231,1.39067e-309,0,0,0
2023,10,27,11,32,04,899,2.52111,0,0.381461,2.23594,0.08324,-0.802141,1.14592,322.231,1.39067e-309,0,0,0
2023,10,27,11,32,04,920,2.54114,0,0.384381,2.2486,0.08122,-0.859437,1.14592,322.231,1.39067e-309,0,0,0
2023,10,27,11,32,04,939,2.5611,0,0.384381,2.2486,0.08122,-0.859437,1.14592,322.231,1.39067e-309,0,0,0
2023,10,27,11,32,04,960,2.58155,0,0.377954,2.24486,0.08454,-0.859437,1.14592,322.231,1.39067e-309,0,0,0
2023,10,27,11,32,04,979,2.60111,0,0.377954,2.24486,0.08454,-0.802141,1.14592,322.231,1.39067e-309,0,0,0
2023,10,27,11,32,04,999,2.62111,0,0.351426,2.22855,0.08472,-0.802141,1.14592,322.231,1.39067e-309,0,0,0
2023,10,27,11,32,05,019,2.64112,0,0.351426,2.22855,0.08472,-0.802141,1.14592,322.231,1.39067e-309,0,0,0
2023,10,27,11,32,05,039,2.66121,0,0.353651,2.22292,0.08552,-0.859437,1.14592,322.231,1.39067e-309,0,0,0
2023,10,27,11,32,05,059,2.6811,0,0.353651,2.22292,0.08552,-0.859437,1.14592,322.231,1.39067e-309,0,0,0
2023,10,27,11,32,05,079,2.70113,0,0.379891,2.22582,0.08748,-0.802141,1.14592,322.231,1.39067e-309,0,0,0
2023,10,27,11,32,05,099,2.7211,0,0.379891,2.22582,0.08748,-0.802141,1.14592,322.231,1.39067e-309,0,0,0
2023,10,27,11,32,05,119,2.7411,0,0.379891,2.22582,0.08748,-0.859437,1.14592,322.231,1.39067e-309,0,0,0
2023,10,27,11,32,05,139,2.76111,0,0.382889,2.23309,0.08784,-0.859437,1.14592,322.231,1.39067e-309,0,0,0
2023,10,27,11,32,05,159,2.7811,0,0.372347,2.21857,0.08842,-0.859437,1.14592,322.231,1.39067e-309,0,0,0
2023,10,27,11,32,05,179,2.80109,0,0.372347,2.21857,0.08842,-0.859437,1.14592,322.231,1.39067e-309,0,0,0
2023,10,27,11,32,05,199,2.82113,0,0.361215,2.22977,0.08818,-0.859437,1.14592,322.231,1.39067e-309,0,0,0
2023,10,27,11,32,05,219,2.8411,0,0.361215,2.22977,0.08818,-0.859437,1.14592,322.231,1.39067e-309,0,0,0
2023,10,27,11,32,05,239,2.86111,0,0.361215,2.22977,0.08818,-0.859437,1.14592,322.231,1.39067e-309,0,0,0
2023,10,27,11,32,05,259,2.8811,0,0.364947,2.2431,0.0877,-0.859437,1.14592,322.231,1.39067e-309,0,0,0
2023,10,27,11,32,05,279,2.9011,0,0.364947,2.2431,0.0877,-0.859437,1.14592,322.231,1.39067e-309,0,0,0
2023,10,27,11,32,05,299,2.92109,0,0.379444,2.25945,0.08816,-0.859437,1.14592,322.231,1.39067e-309,0,0,0
2023,10,27,11,32,05,319,2.9411,0,0.379444,2.25945,0.08816,-0.859437,1.14592,322.231,1.39067e-309,0,0,0
2023,10,27,11,32,05,339,2.9611,0,0.356011,2.25004,0.08632,-0.859437,1.08862,322.231,1.39067e-309,0,0,0
2023,10,27,11,32,05,359,2.98113,0,0.356011,2.25004,0.08632,-0.859437,1.08862,322.231,1.39067e-309,0,0,0
2023,10,27,11,32,05,379,3.0011,0,0.361917,2.24217,0.08618,-0.859437,1.14592,322.231,1.39067e-309,0,0,0
2023,10,27,11,32,05,399,3.02112,0,0.361917,2.24217,0.08618,-0.859437,1.14592,322.231,1.39067e-309,0,0,0
2023,10,27,11,32,05,419,3.0411,0,0.361917,2.24217,0.08618,-0.859437,1.14592,322.231,1.39067e-309,0,0,0
2023,10,27,11,32,05,439,3.06111,0,0.363189,2.23747,0.08586,-0.859437,1.14592,322.231,1.39067e-309,0,0,0
2023,10,27,11,32,05,459,3.08118,0,0.369416,2.24386,0.0854,-0.859437,1.14592,322.231,1.39067e-309,0,0,0
2023,10,27,11,32,05,479,3.10114,0,0.369416,2.24386,0.0854,-0.859437,1.14592,322.231,1.39067e-309,0,0,0
2023,10,27,11,32,05,499,3.12112,0,0.362608,2.22705,0.08474,-0.859437,1.14592,322.231,1.39067e-309,0,0,0
2023,10,27,11,32,05,519,3.14111,0,0.362608,2.22705,0.08474,-0.859437,1.14592,322.231,1.39067e-309,0,0,0
2023,10,27,11,32,05,539,3.16111,0,0.362608,2.22705,0.08474,-0.859437,1.14592,322.231,1.39067e-309,0,0,0
2023,10,27,11,32,05,559,3.18111,0,0.364411,2.21956,0.0853,-0.859437,1.14592,322.231,1.39067e-309,0,0,0
2023,10,27,11,32,05,579,3.20113,0,0.364411,2.21956,0.0853,-0.859437,1.14592,322.231,1.39067e-309,0,0,0
2023,10,27,11,32,05,599,3.22111,0,0.356604,2.22431,0.08364,-0.859437,1.14592,322.231,1.39067e-309,0,0,0
2023,10,27,11,32,05,619,3.2411,0,0.356604,2.22431,0.08364,-0.859437,1.14592,322.174,1.39067e-309,0,0,0
2023,10,27,11,32,05,639,3.26111,0,0.380668,2.23642,0.0839,-0.859437,1.14592,322.174,1.39067e-309,0,0,0
2023,10,27,11,32,05,659,3.28111,0,0.380668,2.23642,0.0839,-0.859437,1.14592,322.174,1.39067e-309,0,0,0
2023,10,27,11,32,05,679,3.30113,0,0.380053,2.23361,0.08394,-0.859437,1.14592,322.174,1.39067e-309,0,0,0
2023,10,27,11,32,05,699,3.32109,0,0.380053,2.23361,0.08394,-0.859437,1.14592,322.174,1.39067e-309,0,0,0
2023,10,27,11,32,05,719,3.34113,0,0.36997,2.22884,0.0845,-0.859437,1.14592,322.174,1.39067e-309,0,0,0
2023,10,27,11,32,05,739,3.3611,0,0.36997,2.22884,0.0845,-0.859437,1.14592,322.174,1.39067e-309,0,0,0
2023,10,27,11,32,05,760,3.38116,0,0.36997,2.22884,0.0845,-0.859437,1.14592,322.174,1.39067e-309,0,0,0
2023,10,27,11,32,05,779,3.4011,0,0.389108,2.24264,0.08446,-0.859437,1.20321,322.231,1.39067e-309,0,0,0
2023,10,27,11,32,05,799,3.42111,0,0.383602,2.23876,0.08382,-0.916733,1.20321,322.231,1.39067e-309,0,0,0
2023,10,27,11,32,05,819,3.4411,0,0.383602,2.23876,0.08382,-0.859437,1.26051,322.174,1.39067e-309,0,0,0
2023,10,27,11,32,05,839,3.4611,0,0.373456,2.24301,0.08454,-0.916733,1.3751,322.174,1.39067e-309,0,0,0
2023,10,27,11,32,05,859,3.4811,0,0.373456,2.24301,0.08454,-0.859437,1.3751,322.174,1.39067e-309,0,0,0
2023,10,27,11,32,05,879,3.5011,0,0.373456,2.24301,0.08454,-0.802141,1.54699,322.06,1.39067e-309,0,0,0
2023,10,27,11,32,05,899,3.52109,0,0.375126,2.22463,0.08694,-0.859437,1.43239,322.002,1.39067e-309,0,0,0
2023,10,27,11,32,05,919,3.5411,0,0.375126,2.22463,0.08694,-0.859437,1.3751,321.888,1.39067e-309,0,0,0
2023,10,27,11,32,05,939,3.5611,0,0.3886,2.24325,0.08842,-0.744845,1.3178,321.83,1.39067e-309,0,0,0
2023,10,27,11,32,05,959,3.58111,0,0.401065,2.25015,0.0881,-0.572958,1.20321,321.773,1.39067e-309,0,0,0
2023,10,27,11,32,05,979,3.60109,0,0.401065,2.25015,0.0881,-0.40107,1.03132,321.601,1.39067e-309,0,0,0
2023,10,27,11,32,05,999,3.62111,0,0.401065,2.25015,0.0881,-0.114592,0.916733,321.544,1.39067e-309,0,0,0
2023,10,27,11,32,06,019,3.64111,0,0.384799,2.24173,0.08928,0.171887,0.687549,321.372,1.39067e-309,0,0,0
2023,10,27,11,32,06,039,3.6611,0,0.384799,2.24173,0.08928,0.40107,0.458366,321.372,1.39067e-309,0,0,0
2023,10,27,11,32,06,059,3.68109,0,0.374651,2.20738,0.09154,0.687549,0.343775,321.257,1.39067e-309,0,0,0
2023,10,27,11,32,06,079,3.70112,0,0.374651,2.20738,0.09154,0.859437,0.171887,321.143,1.39067e-309,0,0,0
2023,10,27,11,32,06,099,3.7211,0,0.359069,2.19218,0.09486,0.916733,0.114592,321.028,1.39067e-309,0,0,0
2023,10,27,11,32,06,119,3.74113,0,0.359069,2.19218,0.09486,0.974028,0.0572958,320.914,1.39067e-309,0,0,0
2023,10,27,11,32,06,139,3.76112,0,0.363202,2.17166,0.09878,0.859437,0,320.799,1.39067e-309,0,0,0
2023,10,27,11,32,06,159,3.78112,0,0.363202,2.17166,0.09878,0.687549,0,320.799,1.39067e-309,0,0,0
2023,10,27,11,32,06,179,3.8011,0,0.363202,2.17166,0.09878,0.343775,0.0572958,320.627,1.39067e-309,0,0,0
2023,10,27,11,32,06,199,3.82112,0,0.364123,2.17853,0.10334,0.114592,0.114592,320.57,1.39067e-309,0,0,0
2023,10,27,11,32,06,219,3.84111,0,0.372638,2.18524,0.1064,-0.0572958,0.171887,320.455,1.39067e-309,0,0,0
2023,10,27,11,32,06,239,3.86115,0,0.372638,2.18524,0.1064,-0.286479,0.171887,320.398,1.39067e-309,0,0,0
2023,10,27,11,32,06,259,3.88119,0,0.372638,2.18524,0.1064,-0.40107,0.171887,320.283,1.39067e-309,0,0,0
2023,10,27,11,32,06,279,3.90112,0,0.410447,2.21361,0.11068,-0.458366,0.229183,320.169,1.39067e-309,0,0,0
2023,10,27,11,32,06,299,3.92111,0,0.410447,2.21361,0.11068,-0.515662,0.171887,320.112,1.39067e-309,0,0,0
2023,10,27,11,32,06,319,3.94111,0,0.421694,2.23545,0.11656,-0.572958,0.229183,319.997,1.39067e-309,0,0,0
2023,10,27,11,32,06,339,3.96112,0,0.421694,2.23545,0.11656,-0.572958,0.171887,319.882,1.39067e-309,0,0,0
2023,10,27,11,32,06,359,3.98111,0,0.423809,2.23228,0.12094,-0.630254,0.171887,319.768,1.39067e-309,0,0,0
2023,10,27,11,32,06,379,4.00109,0,0.423809,2.23228,0.12094,-0.630254,0.171887,319.71,1.39067e-309,0,0,0
2023,10,27,11,32,06,399,4.02114,0,0.406137,2.21969,0.12422,-0.630254,0.171887,319.596,1.39067e-309,0,0,0
2023,10,27,11,32,06,419,4.04111,0,0.406137,2.21969,0.12422,-0.687549,0.114592,319.481,1.39067e-309,0,0,0
2023,10,27,11,32,06,439,4.06111,0,0.412713,2.22732,0.1293,-0.687549,0.114592,319.424,1.39067e-309,0,0,0
2023,10,27,11,32,06,459,4.08111,0,0.412713,2.22732,0.1293,-0.687549,0.114592,319.309,1.39067e-309,0,0,0
2023,10,27,11,32,06,479,4.10112,0,0.412713,2.22732,0.1293,-0.630254,0.0572958,319.252,1.39067e-309,0,0,0
2023,10,27,11,32,06,499,4.1213,0,0.418741,2.23592,0.14262,-0.572958,0,319.138,1.39067e-309,0,0,0
2023,10,27,11,32,06,519,4.1411,0,0.418741,2.23592,0.14262,-0.458366,0,319.08,1.39067e-309,0,0,0
2023,10,27,11,32,06,539,4.1611,0,0.42271,2.23494,0.15184,-0.458366,0,319.023,1.39067e-309,0,0,0
2023,10,27,11,32,06,559,4.18111,0,0.425326,2.23928,0.15556,-0.343775,-0.0572958,318.966,1.39067e-309,0,0,0
2023,10,27,11,32,06,579,4.20111,0,0.425326,2.23928,0.15556,-0.229183,-0.0572958,318.851,1.39067e-309,0,0,0
2023,10,27,11,32,06,599,4.2211,0,0.422339,2.23938,0.15854,-0.114592,-0.114592,318.794,1.39067e-309,0,0,0
2023,10,27,11,32,06,619,4.24111,0,0.422339,2.23938,0.15854,0,-0.114592,318.736,1.39067e-309,0,0,0
2023,10,27,11,32,06,639,4.26111,0,0.422339,2.23938,0.15854,0.0572958,-0.171887,318.622,1.39067e-309,0,0,0
2023,10,27,11,32,06,659,4.2811,0,0.443152,2.24448,0.17342,0.114592,-0.171887,318.565,1.39067e-309,0,0,0
2023,10,27,11,32,06,679,4.3011,0,0.443152,2.24448,0.17342,0.114592,-0.229183,318.45,1.39067e-309,0,0,0
2023,10,27,11,32,06,699,4.32109,0,0.448608,2.22733,0.1886,0.114592,-0.114592,318.335,1.39067e-309,0,0,0
2023,10,27,11,32,06,719,4.34111,0,0.448608,2.22733,0.1886,0.0572958,-0.114592,318.221,1.39067e-309,0,0,0
2023,10,27,11,32,06,739,4.36111,0,0.458471,2.2258,0.18974,0,0,318.106,1.39067e-309,0,0,0
2023,10,27,11,32,06,759,4.38112,0,0.458471,2.2258,0.18974,0,0,318.049,1.39067e-309,0,0,0
2023,10,27,11,32,06,779,4.4011,0,0.468423,2.23241,0.19622,0,0,317.934,1.39067e-309,0,0,0
2023,10,27,11,32,06,799,4.4211,0,0.468423,2.23241,0.19622,-0.0572958,0.0572958,317.877,1.39067e-309,0,0,0
2023,10,27,11,32,06,819,4.44119,0,0.466429,2.23537,0.20024,-0.0572958,0.0572958,317.705,1.39067e-309,0,0,0
2023,10,27,11,32,06,839,4.4611,0,0.466429,2.23537,0.20024,-0.0572958,0.0572958,317.591,1.39067e-309,0,0,0
2023,10,27,11,32,06,859,4.48111,0,0.463357,2.24133,0.19996,0,0.0572958,317.476,1.39067e-309,0,0,0
2023,10,27,11,32,06,879,4.50111,0,0.463357,2.24133,0.19996,0,0,317.419,1.39067e-309,0,0,0
2023,10,27,11,32,06,899,4.52109,0,0.479364,2.24832,0.19658,0.0572958,0,317.304,1.39067e-309,0,0,0
2023,10,27,11,32,06,919,4.54112,0,0.479364,2.24832,0.19658,0.0572958,-0.0572958,317.132,1.39067e-309,0,0,0
2023,10,27,11,32,06,939,4.5611,0,0.502316,2.24707,0.18176,0.114592,0,317.018,1.39067e-309,0,0,0
2023,10,27,11,32,06,959,4.58111,0,0.502316,2.24707,0.18176,0.0572958,0,316.903,1.39067e-309,0,0,0
2023,10,27,11,32,06,979,4.60118,0,0.502316,2.24707,0.18176,0,0.0572958,316.731,1.39067e-309,0,0,0
2023,10,27,11,32,06,999,4.6211,0,0.522971,2.23425,0.16424,0,0.0572958,316.674,1.39067e-309,0,0,0
2023,10,27,11,32,07,020,4.64111,0,0.533812,2.23764,0.16116,-0.114592,0.0572958,316.502,1.39067e-309,0,0,0
2023,10,27,11,32,07,039,4.66111,0,0.533812,2.23764,0.16116,-0.229183,0.0572958,316.387,1.39067e-309,0,0,0
2023,10,27,11,32,07,060,4.68112,0,0.533812,2.23764,0.16116,-0.40107,0.0572958,316.273,1.39067e-309,0,0,0
2023,10,27,11,32,07,079,4.70112,0,0.547555,2.23402,0.15416,-0.572958,0.0572958,316.101,1.39067e-309,0,0,0
2023,10,27,11,32,07,099,4.72112,0,0.547555,2.23402,0.15416,-0.687549,0.114592,316.044,1.39067e-309,0,0,0
2023,10,27,11,32,07,119,4.7411,0,0.56567,2.24172,0.14814,-0.802141,0.0572958,315.929,1.39067e-309,0,0,0
2023,10,27,11,32,07,139,4.7614,0,0.56567,2.24172,0.14814,-0.916733,0.114592,315.757,1.39067e-309,0,0,0
2023,10,27,11,32,07,159,4.78112,0,0.572164,2.25141,0.14116,-0.974028,0.114592,315.642,1.39067e-309,0,0,0
2023,10,27,11,32,07,180,4.80193,0,0.572164,2.25141,0.14116,-1.03132,0.171887,315.528,1.39067e-309,0,0,0
2023,10,27,11,32,07,199,4.82111,0,0.559975,2.25808,0.13534,-0.974028,0.229183,315.413,1.39067e-309,0,0,0
2023,10,27,11,32,07,220,4.84112,0,0.559975,2.25808,0.13534,-0.974028,0.286479,315.356,1.39067e-309,0,0,0
2023,10,27,11,32,07,239,4.8611,0,0.557397,2.26445,0.1342,-0.916733,0.343775,315.241,1.39067e-309,0,0,0
2023,10,27,11,32,07,259,4.8811,0,0.557397,2.26445,0.1342,-0.859437,0.40107,315.127,1.39067e-309,0,0,0
2023,10,27,11,32,07,279,4.90112,0,0.557397,2.26445,0.1342,-0.802141,0.40107,315.012,1.39067e-309,0,0,0
2023,10,27,11,32,07,299,4.92109,0,0.582281,2.2686,0.12844,-0.744845,0.343775,314.898,1.39067e-309,0,0,0
2023,10,27,11,32,07,319,4.9411,0,0.582281,2.2686,0.12844,-0.744845,0.286479,314.783,1.39067e-309,0,0,0
2023,10,27,11,32,07,340,4.96112,0,0.573711,2.2509,0.12664,-0.687549,0.229183,314.668,1.39067e-309,0,0,0
2023,10,27,11,32,07,359,4.98111,0,0.573711,2.2509,0.12664,-0.744845,0.114592,314.497,1.39067e-309,0,0,0
2023,10,27,11,32,07,379,5.00111,0,0.579531,2.25391,0.12516,-0.802141,0.0572958,314.439,1.39067e-309,0,0,0
2023,10,27,11,32,07,399,5.02111,0,0.579531,2.25391,0.12516,-0.974028,-0.0572958,314.267,1.39067e-309,0,0,0
2023,10,27,11,32,07,419,5.04119,0,0.610087,2.24211,0.12504,-1.08862,-0.114592,314.095,1.39067e-309,0,0,0
2023,10,27,11,32,07,439,5.06111,0,0.610087,2.24211,0.12504,-1.20321,-0.229183,314.038,1.39067e-309,0,0,0
2023,10,27,11,32,07,459,5.08109,0,0.610087,2.24211,0.12504,-1.26051,-0.286479,313.866,1.39067e-309,0,0,0
2023,10,27,11,32,07,480,5.10112,0,0.609539,2.25059,0.12058,-1.3751,-0.343775,313.752,1.39067e-309,0,0,0
2023,10,27,11,32,07,499,5.1211,0,0.639186,2.25291,0.1197,-1.3751,-0.343775,313.58,1.39067e-309,0,0,0
2023,10,27,11,32,07,519,5.14114,0,0.639186,2.25291,0.1197,-1.3751,-0.343775,313.523,1.39067e-309,0,0,0
2023,10,27,11,32,07,540,5.16146,0,0.64697,2.25898,0.11868,-1.3751,-0.343775,313.408,1.39067e-309,0,0,0
2023,10,27,11,32,07,559,5.18111,0,0.64697,2.25898,0.11868,-1.3178,-0.40107,313.236,1.39067e-309,0,0,0
2023,10,27,11,32,07,579,5.20109,0,0.64697,2.25898,0.11868,-1.3178,-0.40107,313.179,1.39067e-309,0,0,0
2023,10,27,11,32,07,599,5.22111,0,0.670961,2.28053,0.11594,-1.3178,-0.40107,313.064,1.39067e-309,0,0,0
2023,10,27,11,32,07,619,5.24111,0,0.670961,2.28053,0.11594,-1.3178,-0.458366,312.95,1.39067e-309,0,0,0
2023,10,27,11,32,07,639,5.26111,0,0.692718,2.28596,0.11294,-1.3178,-0.572958,312.835,1.39067e-309,0,0,0
2023,10,27,11,32,07,659,5.2811,0,0.69398,2.29142,0.1124,-1.3751,-0.572958,312.778,1.39067e-309,0,0,0
2023,10,27,11,32,07,679,5.30112,0,0.69398,2.29142,0.1124,-1.48969,-0.687549,312.663,1.39067e-309,0,0,0
2023,10,27,11,32,07,699,5.3211,0,0.719728,2.28493,0.1117,-1.60428,-0.687549,312.606,1.39067e-309,0,0,0
2023,10,27,11,32,07,719,5.34112,0,0.719728,2.28493,0.1117,-1.77617,-0.744845,312.491,1.39067e-309,0,0,0
2023,10,27,11,32,07,739,5.36117,0,0.719728,2.28493,0.1117,-1.89076,-0.802141,312.434,1.39067e-309,0,0,0
2023,10,27,11,32,07,759,5.38112,0,0.728745,2.28147,0.11202,-2.00535,-0.802141,312.319,1.39067e-309,0,0,0
2023,10,27,11,32,07,779,5.40112,0,0.728745,2.28147,0.11202,-2.11994,-0.802141,312.205,1.39067e-309,0,0,0
2023,10,27,11,32,07,799,5.42112,0,0.713721,2.30105,0.11296,-2.23454,-0.802141,312.147,1.39067e-309,0,0,0
2023,10,27,11,32,07,820,5.44112,0,0.713721,2.30105,0.11296,-2.23454,-0.859437,312.033,1.39067e-309,0,0,0
2023,10,27,11,32,07,839,5.4611,0,0.718341,2.29656,0.10946,-2.29183,-0.916733,311.918,1.39067e-309,0,0,0
2023,10,27,11,32,07,859,5.4811,0,0.718341,2.29656,0.10946,-2.29183,-0.916733,311.861,1.39067e-309,0,0,0
2023,10,27,11,32,07,879,5.50113,0,0.714998,2.29996,0.10972,-2.34913,-0.916733,311.746,1.39067e-309,0,0,0
2023,10,27,11,32,07,899,5.52121,0,0.714998,2.29996,0.10972,-2.34913,-0.916733,311.689,1.39067e-309,0,0,0
2023,10,27,11,32,07,920,5.54113,0,0.73232,2.30979,0.1097,-2.34913,-0.916733,311.574,1.39067e-309,0,0,0
2023,10,27,11,32,07,939,5.56111,0,0.73232,2.30979,0.1097,-2.40642,-0.859437,311.46,1.39067e-309,0,0,0
2023,10,27,11,32,07,959,5.58111,0,0.73232,2.30979,0.1097,-2.46372,-0.802141,311.403,1.39067e-309,0,0,0
2023,10,27,11,32,07,979,5.6012,0,0.748578,2.30307,0.1134,-2.52101,-0.802141,311.288,1.39067e-309,0,0,0
2023,10,27,11,32,07,999,5.62111,0,0.748578,2.30307,0.1134,-2.57831,-0.802141,311.231,1.39067e-309,0,0,0
2023,10,27,11,32,08,019,5.6411,0,0.742737,2.29666,0.1134,-2.57831,-0.802141,311.116,1.39067e-309,0,0,0
2023,10,27,11,32,08,039,5.66111,0,0.742737,2.29666,0.1134,-2.52101,-0.859437,311.001,1.39067e-309,0,0,0
2023,10,27,11,32,08,059,5.68109,0,0.741712,2.28861,0.1159,-2.40642,-0.916733,310.944,1.39067e-309,0,0,0
2023,10,27,11,32,08,079,5.70111,0,0.741712,2.28861,0.1159,-2.40642,-0.974028,310.887,1.39067e-309,0,0,0
2023,10,27,11,32,08,099,5.72111,0,0.748601,2.29452,0.11894,-2.29183,-1.08862,310.83,1.39067e-309,0,0,0
2023,10,27,11,32,08,119,5.74111,0,0.748601,2.29452,0.11894,-2.17724,-1.14592,310.715,1.39067e-309,0,0,0
2023,10,27,11,32,08,140,5.76147,0,0.746908,2.30367,0.11994,-2.11994,-1.14592,310.6,1.39067e-309,0,0,0
2023,10,27,11,32,08,159,5.7811,0,0.746908,2.30367,0.11994,-2.11994,-1.14592,310.486,1.39067e-309,0,0,0
2023,10,27,11,32,08,181,5.80115,0,0.742133,2.29226,0.12332,-2.06265,-1.08862,310.371,1.39067e-309,0,0,0
2023,10,27,11,32,08,199,5.82111,0,0.742133,2.29226,0.12332,-2.06265,-1.03132,310.257,1.39067e-309,0,0,0
2023,10,27,11,32,08,219,5.84111,0,0.759778,2.28615,0.1257,-2.06265,-1.03132,310.199,1.39067e-309,0,0,0
2023,10,27,11,32,08,239,5.86111,0,0.759778,2.28615,0.1257,-2.00535,-0.974028,310.085,1.39067e-309,0,0,0
2023,10,27,11,32,08,259,5.88112,0,0.759778,2.28615,0.1257,-2.00535,-1.03132,310.027,1.39067e-309,0,0,0
2023,10,27,11,32,08,279,5.90112,0,0.759558,2.28766,0.1245,-1.94806,-1.08862,309.856,1.39067e-309,0,0,0
2023,10,27,11,32,08,299,5.92112,0,0.759558,2.28766,0.1245,-1.94806,-1.14592,309.798,1.39067e-309,0,0,0
2023,10,27,11,32,08,319,5.94111,0,0.752146,2.30572,0.1241,-2.00535,-1.26051,309.684,1.39067e-309,0,0,0
2023,10,27,11,32,08,339,5.96111,0,0.750403,2.30814,0.12416,-2.06265,-1.3751,309.569,1.39067e-309,0,0,0
2023,10,27,11,32,08,359,5.98112,0,0.769809,2.30144,0.12434,-2.06265,-1.48969,309.455,1.39067e-309,0,0,0
2023,10,27,11,32,08,380,6.00111,0,0.769809,2.30144,0.12434,-2.06265,-1.66158,309.397,1.39067e-309,0,0,0
2023,10,27,11,32,08,399,6.02114,0,0.784466,2.30683,0.12418,-2.06265,-1.77617,309.283,1.39067e-309,0,0,0
2023,10,27,11,32,08,420,6.04117,0,0.784466,2.30683,0.12418,-2.11994,-1.89076,309.168,1.39067e-309,0,0,0
2023,10,27,11,32,08,439,6.0611,0,0.800865,2.29631,0.1241,-2.17724,-2.00535,309.053,1.39067e-309,0,0,0
2023,10,27,11,32,08,459,6.08111,0,0.800865,2.29631,0.1241,-2.17724,-2.00535,308.939,1.39067e-309,0,0,0
2023,10,27,11,32,08,479,6.10113,0,0.811403,2.27871,0.12528,-2.17724,-1.94806,308.882,1.39067e-309,0,0,0
2023,10,27,11,32,08,499,6.12111,0,0.811403,2.27871,0.12528,-2.17724,-1.83347,308.824,1.39067e-309,0,0,0
2023,10,27,11,32,08,519,6.14112,0,0.81283,2.27857,0.12686,-2.11994,-1.66158,308.71,1.39067e-309,0,0,0
2023,10,27,11,32,08,539,6.16109,0,0.81283,2.27857,0.12686,-2.11994,-1.48969,308.595,1.39067e-309,0,0,0
2023,10,27,11,32,08,559,6.1811,0,0.791225,2.27327,0.13132,-2.06265,-1.26051,308.538,1.39067e-309,0,0,0
2023,10,27,11,32,08,579,6.20115,0,0.791225,2.27327,0.13132,-2.00535,-1.03132,308.48,1.39067e-309,0,0,0
2023,10,27,11,32,08,599,6.22111,0,0.791225,2.27327,0.13132,-1.94806,-0.859437,308.366,1.39067e-309,0,0,0
2023,10,27,11,32,08,619,6.24111,0,0.747237,2.26195,0.13466,-1.94806,-0.744845,308.309,1.39067e-309,0,0,0
2023,10,27,11,32,08,639,6.2611,0,0.747237,2.26195,0.13466,-2.00535,-0.687549,308.194,1.39067e-309,0,0,0
2023,10,27,11,32,08,660,6.2811,0,0.755543,2.28418,0.13604,-2.00535,-0.687549,308.137,1.39067e-309,0,0,0
2023,10,27,11,32,08,679,6.30112,0,0.749946,2.2868,0.13796,-2.11994,-0.744845,308.022,1.39067e-309,0,0,0
2023,10,27,11,32,08,699,6.32113,0,0.749946,2.2868,0.13796,-2.17724,-0.802141,308.022,1.39067e-309,0,0,0
2023,10,27,11,32,08,719,6.34112,0,0.749946,2.2868,0.13796,-2.17724,-0.916733,307.908,1.39067e-309,0,0,0
2023,10,27,11,32,08,740,6.36113,0,0.773886,2.29707,0.13962,-2.17724,-1.08862,307.85,1.39067e-309,0,0,0
2023,10,27,11,32,08,759,6.3811,0,0.773886,2.29707,0.13962,-2.00535,-1.3751,307.736,1.39067e-309,0,0,0
2023,10,27,11,32,08,779,6.4011,0,0.783083,2.28651,0.14026,-1.94806,-1.48969,307.736,1.39067e-309,0,0,0
2023,10,27,11,32,08,799,6.42113,0,0.783083,2.28651,0.14026,-1.89076,-1.54699,307.678,1.39067e-309,0,0,0
2023,10,27,11,32,08,819,6.44109,0,0.778337,2.29529,0.13672,-1.77617,-1.71887,307.621,1.39067e-309,0,0,0
2023,10,27,11,32,08,839,6.4611,0,0.778337,2.29529,0.13672,-1.60428,-1.77617,307.506,1.39067e-309,0,0,0
2023,10,27,11,32,08,860,6.48111,0,0.764732,2.30319,0.1373,-1.48969,-1.77617,307.449,1.39067e-309,0,0,0
2023,10,27,11,32,08,879,6.5011,0,0.764732,2.30319,0.1373,-1.3751,-1.66158,307.335,1.39067e-309,0,0,0
2023,10,27,11,32,08,899,6.52112,0,0.764732,2.30319,0.1373,-1.3178,-1.60428,307.335,1.39067e-309,0,0,0
2023,10,27,11,32,08,919,6.54113,0,0.75956,2.29381,0.1396,-1.3178,-1.48969,307.22,1.39067e-309,0,0,0
2023,10,27,11,32,08,940,6.56172,0,0.75956,2.29381,0.1396,-1.3751,-1.26051,307.105,1.39067e-309,0,0,0
2023,10,27,11,32,08,959,6.5811,0,0.760632,2.2803,0.14192,-1.43239,-1.14592,307.048,1.39067e-309,0,0,0
2023,10,27,11,32,08,980,6.60166,0,0.766091,2.2769,0.14296,-1.48969,-1.08862,307.048,1.39067e-309,0,0,0
2023,10,27,11,32,08,999,6.62112,0,0.766091,2.2769,0.14296,-1.54699,-0.974028,306.991,1.39067e-309,0,0,0
2023,10,27,11,32,09,019,6.6411,0,0.780145,2.27949,0.14332,-1.60428,-0.859437,306.876,1.39067e-309,0,0,0
2023,10,27,11,32,09,039,6.66111,0,0.780145,2.27949,0.14332,-1.66158,-0.802141,306.819,1.39067e-309,0,0,0
2023,10,27,11,32,09,059,6.68113,0,0.780145,2.27949,0.14332,-1.66158,-0.744845,306.819,1.39067e-309,0,0,0
2023,10,27,11,32,09,079,6.70113,0,0.799028,2.29118,0.14732,-1.71887,-0.744845,306.762,1.39067e-309,0,0,0
2023,10,27,11,32,09,099,6.7211,0,0.799028,2.29118,0.14732,-1.71887,-0.744845,306.704,1.39067e-309,0,0,0
2023,10,27,11,32,09,119,6.74111,0,0.791098,2.30991,0.1493,-1.71887,-0.744845,306.647,1.39067e-309,0,0,0
2023,10,27,11,32,09,140,6.76114,0,0.773356,2.31862,0.14956,-1.71887,-0.802141,306.59,1.39067e-309,0,0,0
2023,10,27,11,32,09,159,6.78112,0,0.773356,2.31862,0.14956,-1.66158,-0.802141,306.532,1.39067e-309,0,0,0
2023,10,27,11,32,09,180,6.80115,0,0.770849,2.30877,0.14778,-1.66158,-0.802141,306.532,1.39067e-309,0,0,0
2023,10,27,11,32,09,199,6.82113,0,0.770849,2.30877,0.14778,-1.66158,-0.802141,306.418,1.39067e-309,0,0,0
2023,10,27,11,32,09,219,6.8411,0,0.770849,2.30877,0.14778,-1.60428,-0.859437,306.418,1.39067e-309,0,0,0
2023,10,27,11,32,09,239,6.86112,0,0.760305,2.29328,0.14502,-1.54699,-0.859437,306.361,1.39067e-309,0,0,0
2023,10,27,11,32,09,259,6.8811,0,0.760305,2.29328,0.14502,-1.54699,-0.859437,306.303,1.39067e-309,0,0,0
2023,10,27,11,32,09,279,6.90111,0,0.774642,2.27282,0.14652,-1.48969,-0.859437,306.246,1.39067e-309,0,0,0
2023,10,27,11,32,09,299,6.92111,0,0.774642,2.27282,0.14652,-1.48969,-0.859437,306.246,1.39067e-309,0,0,0
2023,10,27,11,32,09,319,6.94112,0,0.765742,2.252,0.15122,-1.48969,-0.859437,306.189,1.39067e-309,0,0,0
2023,10,27,11,32,09,339,6.96117,0,0.765742,2.252,0.15122,-1.48969,-0.859437,306.131,1.39067e-309,0,0,0
2023,10,27,11,32,09,359,6.98112,0,0.750211,2.27006,0.15362,-1.43239,-0.859437,306.074,1.39067e-309,0,0,0
2023,10,27,11,32,09,379,7.00111,0,0.750211,2.27006,0.15362,-1.43239,-0.916733,306.074,1.39067e-309,0,0,0
2023,10,27,11,32,09,399,7.0211,0,0.737747,2.28021,0.15662,-1.3751,-0.916733,306.074,1.39067e-309,0,0,0
2023,10,27,11,32,09,419,7.0411,0,0.737747,2.28021,0.15662,-1.3178,-0.974028,306.017,1.39067e-309,0,0,0
2023,10,27,11,32,09,439,7.06112,0,0.737747,2.28021,0.15662,-1.20321,-0.974028,306.017,1.39067e-309,0,0,0
2023,10,27,11,32,09,459,7.08112,0,0.738924,2.30998,0.1582,-1.20321,-0.974028,305.959,1.39067e-309,0,0,0
2023,10,27,11,32,09,479,7.10111,0,0.735903,2.31166,0.16018,-1.08862,-0.974028,305.959,1.39067e-309,0,0,0
2023,10,27,11,32,09,499,7.1211,0,0.735903,2.31166,0.16018,-0.916733,-0.974028,305.902,1.39067e-309,0,0,0
2023,10,27,11,32,09,519,7.14113,0,0.735903,2.31166,0.16018,-0.802141,-0.859437,305.845,1.39067e-309,0,0,0
2023,10,27,11,32,09,540,7.16183,0,0.723969,2.32231,0.15884,-0.687549,-0.802141,305.845,1.39067e-309,0,0,0
2023,10,27,11,32,09,559,7.18111,0,0.723969,2.32231,0.15884,-0.630254,-0.687549,305.788,1.39067e-309,0,0,0
2023,10,27,11,32,09,580,7.20115,0,0.749966,2.31972,0.15906,-0.572958,-0.630254,305.788,1.39067e-309,0,0,0
2023,10,27,11,32,09,599,7.2211,0,0.749966,2.31972,0.15906,-0.572958,-0.572958,305.788,1.39067e-309,0,0,0
2023,10,27,11,32,09,619,7.24115,0,0.751814,2.31958,0.16234,-0.630254,-0.515662,305.73,1.39067e-309,0,0,0
2023,10,27,11,32,09,639,7.26112,0,0.751814,2.31958,0.16234,-0.630254,-0.515662,305.73,1.39067e-309,0,0,0
2023,10,27,11,32,09,659,7.28113,0,0.732558,2.3241,0.169,-0.630254,-0.572958,305.673,1.39067e-309,0,0,0
2023,10,27,11,32,09,679,7.30111,0,0.732558,2.3241,0.169,-0.687549,-0.630254,305.616,1.39067e-309,0,0,0
2023,10,27,11,32,09,699,7.3211,0,0.741357,2.32464,0.1734,-0.687549,-0.687549,305.616,1.39067e-309,0,0,0
2023,10,27,11,32,09,719,7.3411,0,0.741357,2.32464,0.1734,-0.744845,-0.744845,305.558,1.39067e-309,0,0,0
2023,10,27,11,32,09,739,7.36109,0,0.741357,2.32464,0.1734,-0.744845,-0.802141,305.558,1.39067e-309,0,0,0
2023,10,27,11,32,09,759,7.3811,0,0.701644,2.3479,0.17956,-0.744845,-0.859437,305.501,1.39067e-309,0,0,0
2023,10,27,11,32,09,779,7.4011,0,0.701644,2.3479,0.17956,-0.744845,-0.859437,305.444,1.39067e-309,0,0,0
2023,10,27,11,32,09,799,7.42112,0,0.697262,2.32098,0.18552,-0.802141,-0.802141,305.444,1.39067e-309,0,0,0
2023,10,27,11,32,09,819,7.44113,0,0.704496,2.31702,0.1856,-0.859437,-0.744845,305.387,1.39067e-309,0,0,0
2023,10,27,11,32,09,839,7.4611,0,0.704496,2.31702,0.1856,-0.859437,-0.687549,305.387,1.39067e-309,0,0,0
2023,10,27,11,32,09,859,7.48111,0,0.710192,2.33097,0.18434,-0.859437,-0.572958,305.329,1.39067e-309,0,0,0
2023,10,27,11,32,09,879,7.50112,0,0.710192,2.33097,0.18434,-0.859437,-0.40107,305.329,1.39067e-309,0,0,0
2023,10,27,11,32,09,899,7.5211,0,0.710192,2.33097,0.18434,-0.859437,-0.286479,305.272,1.39067e-309,0,0,0
2023,10,27,11,32,09,919,7.5411,0,0.713666,2.32398,0.18004,-0.802141,-0.171887,305.272,1.39067e-309,0,0,0
2023,10,27,11,32,09,939,7.56115,0,0.713666,2.32398,0.18004,-0.802141,-0.114592,305.272,1.39067e-309,0,0,0
2023,10,27,11,32,09,959,7.58112,0,0.702136,2.31532,0.17876,-0.802141,-0.114592,305.215,1.39067e-309,0,0,0
2023,10,27,11,32,09,979,7.60113,0,0.702136,2.31532,0.17876,-0.859437,-0.0572958,305.215,1.39067e-309,0,0,0
2023,10,27,11,32,09,999,7.62112,0,0.706201,2.3037,0.17794,-0.916733,-0.0572958,305.215,1.39067e-309,0,0,0
2023,10,27,11,32,10,019,7.64114,0,0.706201,2.3037,0.17794,-1.03132,-0.0572958,305.215,1.39067e-309,0,0,0
2023,10,27,11,32,10,039,7.66109,0,0.715602,2.31547,0.18074,-1.14592,-0.114592,305.215,1.39067e-309,0,0,0
2023,10,27,11,32,10,059,7.6811,0,0.715602,2.31547,0.18074,-1.26051,-0.171887,305.157,1.39067e-309,0,0,0
2023,10,27,11,32,10,079,7.70109,0,0.715602,2.31547,0.18074,-1.3751,-0.229183,305.157,1.39067e-309,0,0,0
2023,10,27,11,32,10,100,7.72115,0,0.702747,2.31401,0.18762,-1.48969,-0.286479,305.157,1.39067e-309,0,0,0
2023,10,27,11,32,10,119,7.7411,0,0.702747,2.31401,0.18762,-1.54699,-0.458366,305.157,1.39067e-309,0,0,0
2023,10,27,11,32,10,139,7.7611,0,0.687667,2.32399,0.19212,-1.54699,-0.458366,305.157,1.39067e-309,0,0,0
2023,10,27,11,32,10,159,7.78127,0,0.693203,2.32165,0.19372,-1.54699,-0.572958,305.1,1.39067e-309,0,0,0
2023,10,27,11,32,10,180,7.80117,0,0.693203,2.32165,0.19372,-1.48969,-0.687549,305.1,1.39067e-309,0,0,0
2023,10,27,11,32,10,199,7.82111,0,0.683199,2.33204,0.19602,-1.3178,-0.802141,305.1,1.39067e-309,0,0,0
2023,10,27,11,32,10,219,7.84127,0,0.683199,2.33204,0.19602,-1.26051,-0.802141,305.1,1.39067e-309,0,0,0
2023,10,27,11,32,10,239,7.86117,0,0.683199,2.33204,0.19602,-1.20321,-0.802141,305.1,1.39067e-309,0,0,0
2023,10,27,11,32,10,259,7.8811,0,0.652805,2.34636,0.20098,-1.14592,-0.744845,305.1,1.39067e-309,0,0,0
2023,10,27,11,32,10,279,7.90114,0,0.652805,2.34636,0.20098,-1.08862,-0.687549,305.1,1.39067e-309,0,0,0
2023,10,27,11,32,10,301,7.92227,0,0.661057,2.33936,0.19656,-1.03132,-0.687549,305.1,1.39067e-309,0,0,0
2023,10,27,11,32,10,319,7.94112,0,0.661057,2.33936,0.19656,-1.03132,-0.572958,305.043,1.39067e-309,0,0,0
2023,10,27,11,32,10,339,7.96111,0,0.658265,2.34085,0.19308,-0.974028,-0.572958,305.043,1.39067e-309,0,0,0
2023,10,27,11,32,10,359,7.98116,0,0.658265,2.34085,0.19308,-1.03132,-0.515662,305.043,1.39067e-309,0,0,0
2023,10,27,11,32,10,379,8.0011,0,0.64717,2.33954,0.18944,-1.03132,-0.458366,305.043,1.39067e-309,0,0,0
2023,10,27,11,32,10,399,8.02111,0,0.64717,2.33954,0.18944,-1.14592,-0.40107,305.043,1.39067e-309,0,0,0
2023,10,27,11,32,10,420,8.04182,0,0.64717,2.33954,0.18944,-1.20321,-0.286479,305.043,1.39067e-309,0,0,0
2023,10,27,11,32,10,440,8.06112,0,0.618914,2.37529,0.18972,-1.3178,-0.171887,305.043,1.39067e-309,0,0,0
2023,10,27,11,32,10,460,8.08168,0,0.618914,2.37529,0.18972,-1.3751,-0.171887,305.043,1.39067e-309,0,0,0
2023,10,27,11,32,10,479,8.10111,0,0.66209,2.36743,0.18862,-1.43239,-0.114592,305.043,1.39067e-309,0,0,0
2023,10,27,11,32,10,499,8.12111,0,0.66209,2.36743,0.18862,-1.43239,-0.114592,305.043,1.39067e-309,0,0,0
2023,10,27,11,32,10,520,8.14112,0,0.666648,2.37499,0.1909,-1.43239,-0.171887,305.043,1.39067e-309,0,0,0
2023,10,27,11,32,10,539,8.16111,0,0.666648,2.37499,0.1909,-1.3751,-0.171887,305.043,1.39067e-309,0,0,0
2023,10,27,11,32,10,559,8.18113,0,0.670662,2.37256,0.18918,-1.26051,-0.286479,305.043,1.39067e-309,0,0,0
2023,10,27,11,32,10,579,8.2011,0,0.670662,2.37256,0.18918,-1.20321,-0.343775,305.043,1.39067e-309,0,0,0
2023,10,27,11,32,10,599,8.22112,0,0.673458,2.37196,0.18386,-1.08862,-0.40107,305.043,1.39067e-309,0,0,0
2023,10,27,11,32,10,620,8.24113,0,0.673458,2.37196,0.18386,-1.03132,-0.458366,305.043,1.39067e-309,0,0,0
2023,10,27,11,32,10,639,8.26112,0,0.666332,2.36941,0.18146,-0.974028,-0.458366,305.043,1.39067e-309,0,0,0
2023,10,27,11,32,10,659,8.2811,0,0.666332,2.36941,0.18146,-0.974028,-0.458366,305.043,1.39067e-309,0,0,0
2023,10,27,11,32,10,679,8.30112,0,0.655772,2.36183,0.18386,-0.974028,-0.40107,305.043,1.39067e-309,0,0,0
2023,10,27,11,32,10,699,8.3211,0,0.655772,2.36183,0.18386,-1.03132,-0.40107,305.1,1.39067e-309,0,0,0
2023,10,27,11,32,10,719,8.34111,0,0.639079,2.37002,0.18672,-1.03132,-0.343775,305.1,1.39067e-309,0,0,0
2023,10,27,11,32,10,740,8.3611,0,0.639079,2.37002,0.18672,-1.08862,-0.286479,305.1,1.39067e-309,0,0,0
2023,10,27,11,32,10,759,8.38112,0,0.639079,2.37002,0.18672,-1.14592,-0.229183,305.1,1.39067e-309,0,0,0
2023,10,27,11,32,10,779,8.40109,0,0.627295,2.3747,0.18306,-1.14592,-0.171887,305.1,1.39067e-309,0,0,0
2023,10,27,11,32,10,803,8.42492,0,0.610823,2.36994,0.18726,-1.14592,-0.171887,305.1,1.39067e-309,0,0,0
2023,10,27,11,32,10,819,8.44111,0,0.610823,2.36994,0.18726,-1.26051,-0.229183,305.157,1.39067e-309,0,0,0
2023,10,27,11,32,10,839,8.46115,0,0.617285,2.389,0.19324,-1.26051,-0.286479,305.157,1.39067e-309,0,0,0
2023,10,27,11,32,10,859,8.48111,0,0.617285,2.389,0.19324,-1.3178,-0.343775,305.157,1.39067e-309,0,0,0
2023,10,27,11,32,10,879,8.50112,0,0.617285,2.389,0.19324,-1.3751,-0.40107,305.157,1.39067e-309,0,0,0
2023,10,27,11,32,10,900,8.52203,0,0.641417,2.38634,0.19908,-1.3751,-0.40107,305.157,1.39067e-309,0,0,0
2023,10,27,11,32,10,919,8.54112,0,0.641417,2.38634,0.19908,-1.3751,-0.458366,305.215,1.39067e-309,0,0,0
2023,10,27,11,32,10,940,8.56154,0,0.673019,2.3772,0.19794,-1.3751,-0.515662,305.215,1.39067e-309,0,0,0
2023,10,27,11,32,10,959,8.5811,0,0.668308,2.37722,0.19464,-1.26051,-0.458366,305.215,1.39067e-309,0,0,0
2023,10,27,11,32,10,980,8.60169,0,0.668308,2.37722,0.19464,-1.20321,-0.40107,305.215,1.39067e-309,0,0,0
2023,10,27,11,32,10,999,8.62113,0,0.676686,2.37964,0.19196,-1.08862,-0.229183,305.215,1.39067e-309,0,0,0
2023,10,27,11,32,11,019,8.64109,0,0.676686,2.37964,0.19196,-1.03132,-0.229183,305.215,1.39067e-309,0,0,0
2023,10,27,11,32,11,039,8.66112,0,0.676686,2.37964,0.19196,-0.974028,-0.114592,305.272,1.39067e-309,0,0,0
2023,10,27,11,32,11,059,8.6811,0,0.650099,2.3821,0.19372,-0.916733,0,305.215,1.39067e-309,0,0,0
2023,10,27,11,32,11,079,8.70111,0,0.650099,2.3821,0.19372,-0.859437,0,305.272,1.39067e-309,0,0,0
2023,10,27,11,32,11,099,8.72112,0,0.664043,2.39168,0.1936,-0.916733,0,305.272,1.39067e-309,0,0,0
2023,10,27,11,32,11,119,8.74113,0,0.637341,2.39034,0.19346,-0.916733,-0.0572958,305.272,1.39067e-309,0,0,0
2023,10,27,11,32,11,139,8.7611,0,0.637341,2.39034,0.19346,-0.916733,-0.0572958,305.272,1.39067e-309,0,0,0
2023,10,27,11,32,11,160,8.7811,0,0.637341,2.39034,0.19346,-0.974028,-0.171887,305.272,1.39067e-309,0,0,0
2023,10,27,11,32,11,179,8.8011,0,0.649045,2.39338,0.19318,-1.08862,-0.343775,305.272,1.39067e-309,0,0,0
2023,10,27,11,32,11,199,8.8211,0,0.649045,2.39338,0.19318,-1.14592,-0.458366,305.329,1.39067e-309,0,0,0
2023,10,27,11,32,11,219,8.84109,0,0.643761,2.39872,0.19404,-1.20321,-0.572958,305.272,1.39067e-309,0,0,0
2023,10,27,11,32,11,239,8.8611,0,0.643761,2.39872,0.19404,-1.3178,-0.687549,305.329,1.39067e-309,0,0,0
2023,10,27,11,32,11,259,8.88112,0,0.620764,2.40659,0.19428,-1.3751,-0.687549,305.272,1.39067e-309,0,0,0
2023,10,27,11,32,11,279,8.90111,0,0.620764,2.40659,0.19428,-1.48969,-0.687549,305.272,1.39067e-309,0,0,0
2023,10,27,11,32,11,299,8.9211,0,0.612632,2.4053,0.19366,-1.60428,-0.630254,305.329,1.39067e-309,0,0,0
2023,10,27,11,32,11,319,8.94111,0,0.612632,2.4053,0.19366,-1.66158,-0.515662,305.329,1.39067e-309,0,0,0
2023,10,27,11,32,11,339,8.96112,0,0.605948,2.39799,0.18844,-1.66158,-0.343775,305.329,1.39067e-309,0,0,0
2023,10,27,11,32,11,359,8.98111,0,0.605948,2.39799,0.18844,-1.66158,-0.229183,305.329,1.39067e-309,0,0,0
2023,10,27,11,32,11,380,9.00112,0,0.605948,2.39799,0.18844,-1.71887,-0.114592,305.329,1.39067e-309,0,0,0
2023,10,27,11,32,11,399,9.0211,0,0.620416,2.40066,0.18472,-1.71887,-0.0572958,305.387,1.39067e-309,0,0,0
2023,10,27,11,32,11,419,9.04114,0,0.646986,2.40499,0.18238,-1.71887,0,305.387,1.39067e-309,0,0,0
2023,10,27,11,32,11,439,9.06116,0,0.646986,2.40499,0.18238,-1.83347,-0.0572958,305.387,1.39067e-309,0,0,0
2023,10,27,11,32,11,459,9.08114,0,0.646986,2.40499,0.18238,-1.94806,-0.171887,305.444,1.39067e-309,0,0,0
2023,10,27,11,32,11,480,9.10112,0,0.630454,2.41242,0.17908,-2.06265,-0.286479,305.444,1.39067e-309,0,0,0
2023,10,27,11,32,11,500,9.12113,0,0.630454,2.41242,0.17908,-2.11994,-0.40107,305.501,1.39067e-309,0,0,0
2023,10,27,11,32,11,519,9.1411,0,0.639667,2.40729,0.1775,-2.23454,-0.515662,305.501,1.39067e-309,0,0,0
2023,10,27,11,32,11,540,9.16148,0,0.639667,2.40729,0.1775,-2.23454,-0.515662,305.501,1.39067e-309,0,0,0
2023,10,27,11,32,11,559,9.18112,0,0.640648,2.39301,0.17298,-2.23454,-0.572958,305.558,1.39067e-309,0,0,0
2023,10,27,11,32,11,582,9.20157,0,0.640648,2.39301,0.17298,-2.23454,-0.572958,305.558,1.39067e-309,0,0,0
2023,10,27,11,32,11,599,9.2211,0,0.665638,2.38102,0.17174,-2.17724,-0.515662,305.558,1.39067e-309,0,0,0
2023,10,27,11,32,11,619,9.24119,0,0.665638,2.38102,0.17174,-2.17724,-0.458366,305.616,1.39067e-309,0,0,0
2023,10,27,11,32,11,639,9.2611,0,0.661948,2.38854,0.17118,-2.11994,-0.458366,305.616,1.39067e-309,0,0,0
2023,10,27,11,32,11,659,9.28111,0,0.661948,2.38854,0.17118,-2.11994,-0.40107,305.616,1.39067e-309,0,0,0
2023,10,27,11,32,11,679,9.3011,0,0.661948,2.38854,0.17118,-2.11994,-0.458366,305.673,1.39067e-309,0,0,0
2023,10,27,11,32,11,699,9.32114,0,0.666089,2.4069,0.16918,-2.06265,-0.458366,305.73,1.39067e-309,0,0,0
2023,10,27,11,32,11,719,9.34109,0,0.65849,2.40523,0.16896,-2.06265,-0.458366,305.73,1.39067e-309,0,0,0
2023,10,27,11,32,11,739,9.36111,0,0.65849,2.40523,0.16896,-2.06265,-0.458366,305.788,1.39067e-309,0,0,0
2023,10,27,11,32,11,759,9.3811,0,0.65849,2.40523,0.16896,-2.06265,-0.515662,305.788,1.39067e-309,0,0,0
2023,10,27,11,32,11,779,9.4011,0,0.634722,2.39034,0.16814,-2.00535,-0.515662,305.788,1.39067e-309,0,0,0
2023,10,27,11,32,11,799,9.42111,0,0.634722,2.39034,0.16814,-2.00535,-0.515662,305.845,1.39067e-309,0,0,0
2023,10,27,11,32,11,819,9.44111,0,0.641308,2.4018,0.16638,-2.00535,-0.458366,305.845,1.39067e-309,0,0,0
2023,10,27,11,32,11,839,9.4611,0,0.641308,2.4018,0.16638,-1.94806,-0.40107,305.902,1.39067e-309,0,0,0
2023,10,27,11,32,11,860,9.48111,0,0.636919,2.43383,0.16444,-1.94806,-0.286479,305.902,1.39067e-309,0,0,0
2023,10,27,11,32,11,879,9.50111,0,0.636919,2.43383,0.16444,-2.00535,-0.171887,305.959,1.39067e-309,0,0,0
2023,10,27,11,32,11,899,9.52113,0,0.625274,2.42852,0.15844,-2.06265,-0.114592,306.017,1.39067e-309,0,0,0
2023,10,27,11,32,11,919,9.5411,0,0.625274,2.42852,0.15844,-2.17724,0,306.017,1.39067e-309,0,0,0
2023,10,27,11,32,11,939,9.5611,0,0.625274,2.42852,0.15844,-2.34913,0,306.017,1.39067e-309,0,0,0
2023,10,27,11,32,11,959,9.5811,0,0.60176,2.42173,0.15454,-2.46372,0.0572958,306.074,1.39067e-309,0,0,0
2023,10,27,11,32,11,980,9.60118,0,0.602919,2.42592,0.15282,-2.57831,0.114592,306.074,1.39067e-309,0,0,0
2023,10,27,11,32,11,999,9.6211,0,0.602919,2.42592,0.15282,-2.63561,0.114592,306.131,1.39067e-309,0,0,0
2023,10,27,11,32,12,019,9.6411,0,0.602919,2.42592,0.15282,-2.63561,0.171887,306.131,1.39067e-309,0,0,0
2023,10,27,11,32,12,039,9.6611,0,0.589836,2.4309,0.14916,-2.57831,0.171887,306.189,1.39067e-309,0,0,0
2023,10,27,11,32,12,059,9.68111,0,0.589836,2.4309,0.14916,-2.52101,0.171887,306.189,1.39067e-309,0,0,0
2023,10,27,11,32,12,079,9.70111,0,0.598754,2.41735,0.14678,-2.46372,0.171887,306.189,1.39067e-309,0,0,0
2023,10,27,11,32,12,099,9.72112,0,0.598754,2.41735,0.14678,-2.46372,0.171887,306.246,1.39067e-309,0,0,0
2023,10,27,11,32,12,119,9.74109,0,0.61296,2.39493,0.14372,-2.46372,0.171887,306.246,1.39067e-309,0,0,0
2023,10,27,11,32,12,139,9.76109,0,0.61296,2.39493,0.14372,-2.52101,0.171887,306.303,1.39067e-309,0,0,0
2023,10,27,11,32,12,159,9.7811,0,0.61296,2.39493,0.14372,-2.63561,0.171887,306.303,1.39067e-309,0,0,0
2023,10,27,11,32,12,180,9.8011,0,0.628629,2.39564,0.13966,-2.6929,0.171887,306.303,1.39067e-309,0,0,0
2023,10,27,11,32,12,199,9.82111,0,0.628629,2.39564,0.13966,-2.6929,0.171887,306.361,1.39067e-309,0,0,0
2023,10,27,11,32,12,219,9.84113,0,0.623589,2.38597,0.13536,-2.6929,0.171887,306.361,1.39067e-309,0,0,0
2023,10,27,11,32,12,239,9.86109,0,0.623589,2.38597,0.13536,-2.63561,0.171887,306.361,1.39067e-309,0,0,0
2023,10,27,11,32,12,259,9.88111,0,0.634491,2.3845,0.13356,-2.57831,0.114592,306.361,1.39067e-309,0,0,0
2023,10,27,11,32,12,279,9.90111,0,0.634491,2.3845,0.13356,-2.46372,0.114592,306.361,1.39067e-309,0,0,0
2023,10,27,11,32,12,300,9.9214,0,0.63333,2.37132,0.1302,-2.40642,0.114592,306.361,1.39067e-309,0,0,0
2023,10,27,11,32,12,319,9.9411,0,0.63333,2.37132,0.1302,-2.29183,0.171887,306.418,1.39067e-309,0,0,0
2023,10,27,11,32,12,339,9.9611,0,0.638652,2.41597,0.13006,-2.29183,0.171887,306.418,1.39067e-309,0,0,0
2023,10,27,11,32,12,359,9.98111,0,0.638652,2.41597,0.13006,-2.29183,0.171887,306.418,1.39067e-309,0,0,0
2023,10,27,11,32,12,380,10.0016,0,0.645167,2.3976,0.12934,-2.23454,0.171887,306.418,1.39067e-309,0,0,0
2023,10,27,11,32,12,399,10.0211,0,0.645167,2.3976,0.12934,-2.29183,0.229183,306.418,1.39067e-309,0,0,0
2023,10,27,11,32,12,419,10.0411,0,0.645167,2.3976,0.12934,-2.23454,0.286479,306.418,1.39067e-309,0,0,0
2023,10,27,11,32,12,439,10.0611,0,0.629517,2.40842,0.12578,-2.23454,0.343775,306.475,1.39067e-309,0,0,0
2023,10,27,11,32,12,459,10.0811,0,0.63064,2.41206,0.12586,-2.23454,0.343775,306.475,1.39067e-309,0,0,0
2023,10,27,11,32,12,479,10.1011,0,0.63064,2.41206,0.12586,-2.17724,0.343775,306.475,1.39067e-309,0,0,0
2023,10,27,11,32,12,499,10.1211,0,0.63064,2.41206,0.12586,-2.11994,0.343775,306.475,1.39067e-309,0,0,0
2023,10,27,11,32,12,519,10.1411,0,0.621919,2.39696,0.12596,-2.11994,0.286479,306.475,1.39067e-309,0,0,0
2023,10,27,11,32,12,539,10.1611,0,0.621919,2.39696,0.12596,-2.06265,0.229183,306.532,1.39067e-309,0,0,0
2023,10,27,11,32,12,560,10.1811,0,0.637381,2.38723,0.12432,-2.06265,0.171887,306.532,1.39067e-309,0,0,0
2023,10,27,11,32,12,579,10.2011,0,0.637381,2.38723,0.12432,-1.94806,0.114592,306.532,1.39067e-309,0,0,0
2023,10,27,11,32,12,599,10.2211,0,0.647429,2.37416,0.12198,-1.94806,0.114592,306.532,1.39067e-309,0,0,0
2023,10,27,11,32,12,619,10.2411,0,0.647429,2.37416,0.12198,-1.83347,0,306.59,1.39067e-309,0,0,0
2023,10,27,11,32,12,639,10.2611,0,0.632448,2.36792,0.11788,-1.77617,-0.0572958,306.59,1.39067e-309,0,0,0
2023,10,27,11,32,12,661,10.2811,0,0.632448,2.36792,0.11788,-1.71887,-0.229183,306.59,1.39067e-309,0,0,0
2023,10,27,11,32,12,679,10.3011,0,0.632448,2.36792,0.11788,-1.60428,-0.458366,306.647,1.39067e-309,0,0,0
2023,10,27,11,32,12,699,10.3211,0,0.627205,2.36288,0.11798,-1.48969,-0.630254,306.647,1.39067e-309,0,0,0
2023,10,27,11,32,12,719,10.3411,0,0.626892,2.35307,0.11704,-1.43239,-0.744845,306.647,1.39067e-309,0,0,0
2023,10,27,11,32,12,739,10.3611,0,0.626892,2.35307,0.11704,-1.3751,-0.859437,306.704,1.39067e-309,0,0,0
2023,10,27,11,32,12,759,10.3811,0,0.626892,2.35307,0.11704,-1.3751,-0.916733,306.704,1.39067e-309,0,0,0
2023,10,27,11,32,12,779,10.4011,0,0.607641,2.33187,0.11654,-1.3178,-0.974028,306.704,1.39067e-309,0,0,0
2023,10,27,11,32,12,800,10.4211,0,0.607641,2.33187,0.11654,-1.3178,-0.974028,306.704,1.39067e-309,0,0,0
2023,10,27,11,32,12,819,10.4411,0,0.622218,2.31763,0.11652,-1.3178,-0.859437,306.762,1.39067e-309,0,0,0
2023,10,27,11,32,12,839,10.4611,0,0.622218,2.31763,0.11652,-1.3751,-0.802141,306.762,1.39067e-309,0,0,0
2023,10,27,11,32,12,859,10.4811,0,0.63791,2.31047,0.11558,-1.3751,-0.744845,306.762,1.39067e-309,0,0,0
2023,10,27,11,32,12,879,10.5011,0,0.63791,2.31047,0.11558,-1.43239,-0.630254,306.762,1.39067e-309,0,0,0
2023,10,27,11,32,12,899,10.5211,0,0.618267,2.3165,0.11604,-1.54699,-0.515662,306.762,1.39067e-309,0,0,0
2023,10,27,11,32,12,919,10.5411,0,0.618267,2.3165,0.11604,-1.54699,-0.458366,306.762,1.39067e-309,0,0,0
2023,10,27,11,32,12,939,10.5611,0,0.620935,2.32388,0.11388,-1.54699,-0.458366,306.819,1.39067e-309,0,0,0
2023,10,27,11,32,12,959,10.5811,0,0.620935,2.32388,0.11388,-1.43239,-0.458366,306.819,1.39067e-309,0,0,0
2023,10,27,11,32,12,981,10.6011,0,0.620935,2.32388,0.11388,-1.26051,-0.458366,306.819,1.39067e-309,0,0,0
2023,10,27,11,32,12,999,10.6211,0,0.645718,2.31866,0.11176,-1.08862,-0.515662,306.819,1.39067e-309,0,0,0
2023,10,27,11,32,13,019,10.6411,0,0.643822,2.30252,0.11074,-0.916733,-0.515662,306.876,1.39067e-309,0,0,0
2023,10,27,11,32,13,039,10.6611,0,0.643822,2.30252,0.11074,-0.802141,-0.515662,306.876,1.39067e-309,0,0,0
2023,10,27,11,32,13,059,10.6811,0,0.640143,2.31042,0.11062,-0.744845,-0.458366,306.876,1.39067e-309,0,0,0
2023,10,27,11,32,13,079,10.7012,0,0.640143,2.31042,0.11062,-0.802141,-0.40107,306.876,1.39067e-309,0,0,0
2023,10,27,11,32,13,099,10.7211,0,0.640143,2.31042,0.11062,-0.859437,-0.343775,306.933,1.39067e-309,0,0,0
2023,10,27,11,32,13,119,10.7412,0,0.67127,2.2906,0.10896,-0.974028,-0.229183,306.933,1.39067e-309,0,0,0
2023,10,27,11,32,13,139,10.7611,0,0.67127,2.2906,0.10896,-1.08862,-0.171887,306.991,1.39067e-309,0,0,0
2023,10,27,11,32,13,159,10.7811,0,0.655432,2.27798,0.10596,-1.20321,-0.114592,306.991,1.39067e-309,0,0,0
2023,10,27,11,32,13,179,10.8011,0,0.65413,2.27235,0.1053,-1.26051,-0.114592,306.991,1.39067e-309,0,0,0
2023,10,27,11,32,13,200,10.8217,0,0.65413,2.27235,0.1053,-1.26051,-0.114592,307.048,1.39067e-309,0,0,0
2023,10,27,11,32,13,219,10.8411,0,0.65413,2.27235,0.1053,-1.20321,-0.171887,307.048,1.39067e-309,0,0,0
2023,10,27,11,32,13,239,10.8611,0,0.638503,2.27892,0.10346,-1.14592,-0.229183,307.048,1.39067e-309,0,0,0
2023,10,27,11,32,13,259,10.8811,0,0.638503,2.27892,0.10346,-1.08862,-0.286479,307.048,1.39067e-309,0,0,0
2023,10,27,11,32,13,281,10.9011,0,0.64198,2.27127,0.1009,-1.03132,-0.286479,307.048,1.39067e-309,0,0,0
2023,10,27,11,32,13,299,10.9211,0,0.64198,2.27127,0.1009,-0.974028,-0.171887,307.105,1.39067e-309,0,0,0
2023,10,27,11,32,13,319,10.9411,0,0.650837,2.27237,0.09926,-0.974028,-0.171887,307.105,1.39067e-309,0,0,0
2023,10,27,11,32,13,339,10.9611,0,0.650837,2.27237,0.09926,-1.03132,-0.0572958,307.105,1.39067e-309,0,0,0
2023,10,27,11,32,13,359,10.9811,0,0.641664,2.26334,0.09846,-1.03132,0.0572958,307.048,1.39067e-309,0,0,0
2023,10,27,11,32,13,379,11.0011,0,0.641664,2.26334,0.09846,-1.08862,0.171887,307.105,1.39067e-309,0,0,0
2023,10,27,11,32,13,399,11.0211,0,0.641664,2.26334,0.09846,-1.08862,0.286479,307.048,1.39067e-309,0,0,0
2023,10,27,11,32,13,419,11.0411,0,0.631343,2.24392,0.09746,-1.08862,0.40107,307.048,1.39067e-309,0,0,0
2023,10,27,11,32,13,440,11.0611,0,0.631343,2.24392,0.09746,-1.03132,0.572958,307.048,1.39067e-309,0,0,0
2023,10,27,11,32,13,459,11.0811,0,0.64213,2.23402,0.09846,-0.974028,0.630254,307.048,1.39067e-309,0,0,0
2023,10,27,11,32,13,479,11.1011,0,0.638956,2.22545,0.0991,-0.974028,0.687549,307.048,1.39067e-309,0,0,0
2023,10,27,11,32,13,499,11.1211,0,0.638956,2.22545,0.0991,-0.916733,0.744845,307.048,1.39067e-309,0,0,0
2023,10,27,11,32,13,519,11.1411,0,0.635315,2.2134,0.0992,-0.916733,0.744845,307.048,1.39067e-309,0,0,0
2023,10,27,11,32,13,539,11.1611,0,0.635315,2.2134,0.0992,-0.916733,0.687549,307.048,1.39067e-309,0,0,0
2023,10,27,11,32,13,563,11.1811,0,0.635315,2.2134,0.0992,-0.859437,0.630254,307.048,1.39067e-309,0,0,0
2023,10,27,11,32,13,579,11.2011,0,0.629776,2.2243,0.1,-0.916733,0.515662,307.048,1.39067e-309,0,0,0
2023,10,27,11,32,13,599,11.2211,0,0.629776,2.2243,0.1,-0.916733,0.458366,307.048,1.39067e-309,0,0,0
2023,10,27,11,32,13,619,11.2411,0,0.627866,2.20194,0.10014,-0.974028,0.343775,306.991,1.39067e-309,0,0,0
2023,10,27,11,32,13,640,11.2611,0,0.646538,2.20862,0.10052,-1.03132,0.171887,306.991,1.39067e-309,0,0,0
2023,10,27,11,32,13,659,11.2811,0,0.646538,2.20862,0.10052,-1.03132,0.0572958,306.991,1.39067e-309,0,0,0
2023,10,27,11,32,13,679,11.3011,0,0.646538,2.20862,0.10052,-1.03132,0,306.933,1.39067e-309,0,0,0
2023,10,27,11,32,13,699,11.3211,0,0.679378,2.20855,0.10178,-1.03132,0,306.933,1.39067e-309,0,0,0
2023,10,27,11,32,13,719,11.3412,0,0.679378,2.20855,0.10178,-1.03132,0.0572958,306.876,1.39067e-309,0,0,0
2023,10,27,11,32,13,739,11.3611,0,0.69738,2.2153,0.09958,-1.03132,0.171887,306.876,1.39067e-309,0,0,0
2023,10,27,11,32,13,759,11.3811,0,0.69738,2.2153,0.09958,-1.03132,0.286479,306.819,1.39067e-309,0,0,0
2023,10,27,11,32,13,779,11.4011,0,0.666166,2.2082,0.09918,-0.974028,0.40107,306.819,1.39067e-309,0,0,0
2023,10,27,11,32,13,799,11.4211,0,0.666166,2.2082,0.09918,-0.974028,0.515662,306.762,1.39067e-309,0,0,0
2023,10,27,11,32,13,819,11.4411,0,0.638422,2.18014,0.09998,-0.974028,0.572958,306.762,1.39067e-309,0,0,0
2023,10,27,11,32,13,839,11.4611,0,0.638422,2.18014,0.09998,-0.974028,0.630254,306.762,1.39067e-309,0,0,0
2023,10,27,11,32,13,859,11.4811,0,0.638422,2.18014,0.09998,-0.974028,0.630254,306.762,1.39067e-309,0,0,0
2023,10,27,11,32,13,880,11.5011,0,0.66,2.15732,0.09988,-1.03132,0.630254,306.704,1.39067e-309,0,0,0
2023,10,27,11,32,13,900,11.5211,0,0.672711,2.15716,0.09924,-1.03132,0.687549,306.704,1.39067e-309,0,0,0
2023,10,27,11,32,13,920,11.5411,0,0.672711,2.15716,0.09924,-1.08862,0.687549,306.704,1.39067e-309,0,0,0
2023,10,27,11,32,13,939,11.5612,0,0.672711,2.15716,0.09924,-0.974028,0.802141,306.647,1.39067e-309,0,0,0
2023,10,27,11,32,13,959,11.5811,0,0.671843,2.16392,0.09656,-0.687549,0.859437,306.704,1.39067e-309,0,0,0
2023,10,27,11,32,13,979,11.6011,0,0.671843,2.16392,0.09656,-0.572958,0.916733,306.704,1.39067e-309,0,0,0
2023,10,27,11,32,13,999,11.6211,0,0.664341,2.15726,0.09386,-0.343775,0.974028,306.819,1.39067e-309,0,0,0
2023,10,27,11,32,14,019,11.6411,0,0.664341,2.15726,0.09386,-0.458366,0.974028,306.819,1.39067e-309,0,0,0
2023,10,27,11,32,14,039,11.6611,0,0.661607,2.15474,0.0924,-0.687549,0.744845,306.933,1.39067e-309,0,0,0
2023,10,27,11,32,14,059,11.6811,0,0.661607,2.15474,0.0924,-0.802141,0.515662,306.933,1.39067e-309,0,0,0
2023,10,27,11,32,14,082,11.7028,0,0.671965,2.17066,0.09018,-0.802141,0.171887,306.933,1.39067e-309,0,0,0
2023,10,27,11,32,14,099,11.7211,0,0.671965,2.17066,0.09018,-0.744845,-0.171887,307.105,1.39067e-309,0,0,0
2023,10,27,11,32,14,123,11.7411,0,0.671965,2.17066,0.09018,-0.687549,-0.229183,307.163,1.39067e-309,0,0,0
2023,10,27,11,32,14,139,11.7611,0,0.670628,2.17515,0.08978,-0.286479,-0.229183,307.105,1.39067e-309,0,0,0
2023,10,27,11,32,14,162,11.7811,0,0.685306,2.19567,0.08874,-0.343775,-0.343775,307.22,1.39067e-309,0,0,0
2023,10,27,11,32,14,179,11.8011,0,0.685306,2.19567,0.08874,-0.515662,-0.343775,307.22,1.39067e-309,0,0,0
2023,10,27,11,32,14,199,11.8211,0,0.692865,2.20324,0.08998,-0.802141,-0.171887,307.163,1.39067e-309,0,0,0
2023,10,27,11,32,14,219,11.8411,0,0.692865,2.20324,0.08998,-0.802141,-0.0572958,307.163,1.39067e-309,0,0,0
2023,10,27,11,32,14,242,11.8638,0,0.692865,2.20324,0.08998,-0.515662,0.171887,307.105,1.39067e-309,0,0,0
2023,10,27,11,32,14,259,11.8811,0,0.68059,2.19727,0.09042,-0.515662,0.229183,307.105,1.39067e-309,0,0,0
2023,10,27,11,32,14,280,11.9016,0,0.68059,2.19727,0.09042,-0.630254,0.343775,307.277,1.39067e-309,0,0,0
2023,10,27,11,32,14,300,11.9211,0,0.679233,2.1945,0.0913,-0.572958,0.40107,307.277,1.39067e-309,0,0,0
2023,10,27,11,32,14,319,11.9411,0,0.679233,2.1945,0.0913,-0.802141,0.229183,307.392,1.39067e-309,0,0,0
2023,10,27,11,32,14,339,11.9611,0,0.67479,2.19286,0.09118,-0.802141,0.229183,307.449,1.39067e-309,0,0,0
2023,10,27,11,32,14,363,11.9812,0,0.67479,2.19286,0.09118,-0.630254,0.286479,307.392,1.39067e-309,0,0,0
2023,10,27,11,32,14,379,12.0011,0,0.667878,2.18783,0.08938,-0.630254,0.0572958,307.392,1.39067e-309,0,0,0
2023,10,27,11,32,14,399,12.0211,0,0.667878,2.18783,0.08938,-0.572958,0,307.392,1.39067e-309,0,0,0
2023,10,27,11,32,14,419,12.0411,0,0.667878,2.18783,0.08938,-0.515662,0,307.277,1.39067e-309,0,0,0
2023,10,27,11,32,14,439,12.0614,0,0.633337,2.18938,0.08898,-0.630254,0,307.277,1.39067e-309,0,0,0
2023,10,27,11,32,14,459,12.0811,0,0.648957,2.18097,0.08814,-0.572958,0,307.335,1.39067e-309,0,0,0
2023,10,27,11,32,14,479,12.1011,0,0.648957,2.18097,0.08814,-0.515662,0,307.277,1.39067e-309,0,0,0
2023,10,27,11,32,14,499,12.1211,0,0.648957,2.18097,0.08814,-0.630254,0,307.392,1.39067e-309,0,0,0
2023,10,27,11,32,14,519,12.1411,0,0.658543,2.18474,0.08634,-0.572958,0.0572958,307.449,1.39067e-309,0,0,0
2023,10,27,11,32,14,539,12.1611,0,0.658543,2.18474,0.08634,-0.572958,0.0572958,307.449,1.39067e-309,0,0,0
2023,10,27,11,32,14,559,12.1812,0,0.654113,2.16284,0.08506,-0.630254,0.114592,307.506,1.39067e-309,0,0,0
2023,10,27,11,32,14,579,12.2011,0,0.654113,2.16284,0.08506,-0.572958,0.114592,307.506,1.39067e-309,0,0,0
2023,10,27,11,32,14,599,12.2211,0,0.653433,2.16891,0.08406,-0.572958,0.0572958,307.564,1.39067e-309,0,0,0
2023,10,27,11,32,14,619,12.2411,0,0.653433,2.16891,0.08406,-0.572958,0.0572958,307.564,1.39067e-309,0,0,0
2023,10,27,11,32,14,639,12.2611,0,0.655221,2.17144,0.0856,-0.572958,0.0572958,307.506,1.39067e-309,0,0,0
2023,10,27,11,32,14,659,12.2811,0,0.655221,2.17144,0.0856,-0.572958,0,307.564,1.39067e-309,0,0,0
2023,10,27,11,32,14,680,12.3011,0,0.66328,2.19476,0.08708,-0.572958,0,307.564,1.39067e-309,0,0,0
2023,10,27,11,32,14,699,12.3211,0,0.66328,2.19476,0.08708,-0.572958,0,307.564,1.39067e-309,0,0,0
2023,10,27,11,32,14,719,12.3411,0,0.66328,2.19476,0.08708,-0.572958,0,307.621,1.39067e-309,0,0,0
2023,10,27,11,32,14,739,12.3611,0,0.660516,2.1884,0.08906,-0.515662,0,307.621,1.39067e-309,0,0,0
2023,10,27,11,32,14,759,12.3811,0,0.673127,2.20522,0.08982,-0.572958,0.0572958,307.678,1.39067e-309,0,0,0
2023,10,27,11,32,14,779,12.4011,0,0.673127,2.20522,0.08982,-0.572958,0.0572958,307.678,1.39067e-309,0,0,0
2023,10,27,11,32,14,800,12.4211,0,0.684628,2.18133,0.0906,-0.572958,0.0572958,307.736,1.39067e-309,0,0,0
2023,10,27,11,32,14,819,12.4411,0,0.684628,2.18133,0.0906,-0.572958,0.0572958,307.736,1.39067e-309,0,0,0
2023,10,27,11,32,14,842,12.464,0,0.684628,2.18133,0.0906,-0.572958,0.0572958,307.736,1.39067e-309,0,0,0
2023,10,27,11,32,14,859,12.4811,0,0.673142,2.19482,0.0903,-0.572958,0.0572958,307.736,1.39067e-309,0,0,0
2023,10,27,11,32,14,879,12.5011,0,0.673142,2.19482,0.0903,-0.572958,0.0572958,307.736,1.39067e-309,0,0,0
2023,10,27,11,32,14,899,12.5211,0,0.670647,2.20291,0.08928,-0.572958,0,307.736,1.39067e-309,0,0,0
2023,10,27,11,32,14,922,12.5411,0,0.658366,2.20393,0.08882,-0.572958,0,307.793,1.39067e-309,0,0,0
2023,10,27,11,32,14,939,12.5611,0,0.658366,2.20393,0.08882,-0.572958,0,307.793,1.39067e-309,0,0,0
2023,10,27,11,32,14,961,12.5828,0,0.675678,2.20248,0.08864,-0.515662,0,307.85,1.39067e-309,0,0,0
2023,10,27,11,32,14,979,12.6011,0,0.675678,2.20248,0.08864,-0.572958,0.0572958,307.85,1.39067e-309,0,0,0
2023,10,27,11,32,14,999,12.6211,0,0.675678,2.20248,0.08864,-0.572958,0.0572958,307.85,1.39067e-309,0,0,0
2023,10,27,11,32,15,019,12.6411,0,0.666833,2.1931,0.08504,-0.572958,0.0572958,307.85,1.39067e-309,0,0,0
2023,10,27,11,32,15,039,12.6611,0,0.666833,2.1931,0.08504,-0.572958,0.0572958,307.85,1.39067e-309,0,0,0
2023,10,27,11,32,15,059,12.6811,0,0.678436,2.20189,0.08524,-0.515662,0.0572958,307.908,1.39067e-309,0,0,0
2023,10,27,11,32,15,079,12.7011,0,0.678436,2.20189,0.08524,-0.572958,0.0572958,307.908,1.39067e-309,0,0,0
2023,10,27,11,32,15,099,12.7211,0,0.686597,2.17318,0.08434,-0.572958,0.0572958,307.965,1.39067e-309,0,0,0
2023,10,27,11,32,15,121,12.7411,0,0.686597,2.17318,0.08434,-0.572958,0.0572958,307.908,1.39067e-309,0,0,0
2023,10,27,11,32,15,139,12.7611,0,0.674339,2.18485,0.08242,-0.572958,0.0572958,307.908,1.39067e-309,0,0,0
2023,10,27,11,32,15,159,12.7811,0,0.674339,2.18485,0.08242,-0.572958,0.0572958,307.908,1.39067e-309,0,0,0
2023,10,27,11,32,15,179,12.8011,0,0.674339,2.18485,0.08242,-0.572958,0.0572958,307.908,1.39067e-309,0,0,0
2023,10,27,11,32,15,199,12.8211,0,0.645238,2.20142,0.0817,-0.572958,0.0572958,307.908,1.39067e-309,0,0,0
2023,10,27,11,32,15,219,12.8411,0,0.643177,2.19205,0.08136,-0.572958,0.0572958,307.908,1.39067e-309,0,0,0
2023,10,27,11,32,15,239,12.8611,0,0.643177,2.19205,0.08136,-0.572958,0.0572958,307.908,1.39067e-309,0,0,0
2023,10,27,11,32,15,259,12.8811,0,0.662721,2.19141,0.08584,-0.572958,0.0572958,307.908,1.39067e-309,0,0,0
2023,10,27,11,32,15,280,12.9011,0,0.662721,2.19141,0.08584,-0.572958,0.0572958,307.908,1.39067e-309,0,0,0
2023,10,27,11,32,15,299,12.9212,0,0.662721,2.19141,0.08584,-0.572958,0.0572958,307.908,1.39067e-309,0,0,0
2023,10,27,11,32,15,319,12.9411,0,0.670525,2.19285,0.08416,-0.572958,0.0572958,307.908,1.39067e-309,0,0,0
2023,10,27,11,32,15,339,12.9611,0,0.670525,2.19285,0.08416,-0.572958,0.0572958,307.908,1.39067e-309,0,0,0
2023,10,27,11,32,15,359,12.9811,0,0.676773,2.1723,0.08684,-0.572958,0.0572958,307.908,1.39067e-309,0,0,0
2023,10,27,11,32,15,379,13.0011,0,0.676773,2.1723,0.08684,-0.572958,0.0572958,307.908,1.39067e-309,0,0,0
2023,10,27,11,32,15,399,13.0211,0,0.680002,2.17542,0.08712,-0.572958,0.0572958,307.908,1.39067e-309,0,0,0
2023,10,27,11,32,15,420,13.0412,0,0.680002,2.17542,0.08712,-0.572958,0.0572958,307.908,1.39067e-309,0,0,0
2023,10,27,11,32,15,439,13.0611,0,0.657372,2.17322,0.0883,-0.572958,0.0572958,307.908,1.39067e-309,0,0,0
2023,10,27,11,32,15,459,13.0811,0,0.657372,2.17322,0.0883,-0.572958,0.0572958,307.908,1.39067e-309,0,0,0
2023,10,27,11,32,15,479,13.1011,0,0.657372,2.17322,0.0883,-0.572958,0.0572958,307.908,1.39067e-309,0,0,0
2023,10,27,11,32,15,499,13.1211,0,0.641016,2.19455,0.0885,-0.572958,0.0572958,307.908,1.39067e-309,0,0,0
2023,10,27,11,32,15,520,13.1413,0,0.654287,2.19637,0.08824,-0.572958,0.0572958,307.908,1.39067e-309,0,0,0
2023,10,27,11,32,15,539,13.1611,0,0.654287,2.19637,0.08824,-0.572958,0.0572958,307.908,1.39067e-309,0,0,0
2023,10,27,11,32,15,560,13.1811,0,0.654287,2.19637,0.08824,-0.572958,0.0572958,307.908,1.39067e-309,0,0,0
2023,10,27,11,32,15,579,13.2011,0,0.651291,2.1967,0.08872,-0.572958,0.0572958,307.908,1.39067e-309,0,0,0
2023,10,27,11,32,15,599,13.2211,0,0.651291,2.1967,0.08872,-0.572958,0.0572958,307.908,1.39067e-309,0,0,0
2023,10,27,11,32,15,619,13.2411,0,0.640052,2.19704,0.08946,-0.572958,0.0572958,307.908,1.39067e-309,0,0,0
2023,10,27,11,32,15,639,13.2611,0,0.640052,2.19704,0.08946,-0.572958,0.0572958,307.908,1.39067e-309,0,0,0
2023,10,27,11,32,15,659,13.2811,0,0.656553,2.19051,0.08982,-0.572958,0.0572958,307.908,1.39067e-309,0,0,0
2023,10,27,11,32,15,679,13.3011,0,0.656553,2.19051,0.08982,-0.572958,0.0572958,307.908,1.39067e-309,0,0,0
2023,10,27,11,32,15,699,13.3211,0,0.656553,2.19051,0.08982,-0.572958,0.0572958,307.908,1.39067e-309,0,0,0
2023,10,27,11,32,15,719,13.3411,0,0.662301,2.17965,0.08948,-0.572958,0.0572958,307.908,1.39067e-309,0,0,0
2023,10,27,11,32,15,739,13.3611,0,0.662301,2.17965,0.08948,-0.572958,0.0572958,307.908,1.39067e-309,0,0,0
2023,10,27,11,32,15,760,13.3811,0,0.670564,2.15937,0.08992,-0.572958,0.0572958,307.908,1.39067e-309,0,0,0
2023,10,27,11,32,15,779,13.4011,0,0.673545,2.16524,0.08998,-0.572958,0.0572958,307.908,1.39067e-309,0,0,0
2023,10,27,11,32,15,800,13.4212,0,0.673545,2.16524,0.08998,-0.572958,0.0572958,307.908,1.39067e-309,0,0,0
2023,10,27,11,32,15,819,13.4411,0,0.667516,2.18131,0.0896,-0.572958,0.0572958,307.908,1.39067e-309,0,0,0
2023,10,27,11,32,15,840,13.4611,0,0.667516,2.18131,0.0896,-0.572958,0.0572958,307.908,1.39067e-309,0,0,0
2023,10,27,11,32,15,859,13.4811,0,0.667516,2.18131,0.0896,-0.572958,0.0572958,307.908,1.39067e-309,0,0,0
2023,10,27,11,32,15,880,13.5018,0,0.666089,2.17629,0.08854,-0.572958,0.0572958,307.908,1.39067e-309,0,0,0
2023,10,27,11,32,15,899,13.5211,0,0.666089,2.17629,0.08854,-0.572958,0.0572958,307.908,1.39067e-309,0,0,0
2023,10,27,11,32,15,920,13.5411,0,0.667955,2.19332,0.08974,-0.572958,0.0572958,307.908,1.39067e-309,0,0,0
2023,10,27,11,32,15,939,13.5611,0,0.667955,2.19332,0.08974,-0.572958,0.0572958,307.908,1.39067e-309,0,0,0
2023,10,27,11,32,15,959,13.5811,0,0.668885,2.21629,0.09074,-0.572958,0.0572958,307.908,1.39067e-309,0,0,0
2023,10,27,11,32,15,979,13.6011,0,0.668885,2.21629,0.09074,-0.572958,0.0572958,307.908,1.39067e-309,0,0,0
2023,10,27,11,32,16,000,13.6219,0,0.678536,2.2029,0.09042,-0.572958,0.0572958,307.908,1.39067e-309,0,0,0
2023,10,27,11,32,16,020,13.6411,0,0.678536,2.2029,0.09042,-0.572958,0.0572958,307.908,1.39067e-309,0,0,0
2023,10,27,11,32,16,040,13.6611,0,0.676374,2.21905,0.08898,-0.572958,0.0572958,307.908,1.39067e-309,0,0,0
2023,10,27,11,32,16,059,13.6811,0,0.676374,2.21905,0.08898,-0.572958,0.0572958,307.908,1.39067e-309,0,0,0
2023,10,27,11,32,16,079,13.7011,0,0.676374,2.21905,0.08898,-0.572958,0.0572958,307.908,1.39067e-309,0,0,0
2023,10,27,11,32,16,099,13.7211,0,0.682211,2.21458,0.08962,-0.572958,0.0572958,307.908,1.39067e-309,0,0,0
2023,10,27,11,32,16,119,13.7411,0,0.674746,2.20717,0.09002,-0.572958,0.0572958,307.908,1.39067e-309,0,0,0
2023,10,27,11,32,16,139,13.7611,0,0.674746,2.20717,0.09002,-0.572958,0.0572958,307.908,1.39067e-309,0,0,0
2023,10,27,11,32,16,160,13.7812,0,0.689224,2.17337,0.09052,-0.572958,0.0572958,307.908,1.39067e-309,0,0,0
2023,10,27,11,32,16,179,13.8011,0,0.689224,2.17337,0.09052,-0.572958,0.0572958,307.908,1.39067e-309,0,0,0
2023,10,27,11,32,16,199,13.8211,0,0.689224,2.17337,0.09052,-0.572958,0.0572958,307.908,1.39067e-309,0,0,0
2023,10,27,11,32,16,219,13.8411,0,0.688172,2.16634,0.09066,-0.572958,0.0572958,307.908,1.39067e-309,0,0,0
2023,10,27,11,32,16,239,13.8611,0,0.688172,2.16634,0.09066,-0.572958,0.0572958,307.908,1.39067e-309,0,0,0
2023,10,27,11,32,16,259,13.8811,0,0.685481,2.15519,0.09208,-0.572958,0.0572958,307.908,1.39067e-309,0,0,0
2023,10,27,11,32,16,279,13.9011,0,0.685481,2.15519,0.09208,-0.572958,0.0572958,307.908,1.39067e-309,0,0,0
2023,10,27,11,32,16,299,13.9211,0,0.687511,2.1555,0.09208,-0.572958,0.0572958,307.908,1.39067e-309,0,0,0
2023,10,27,11,32,16,319,13.9411,0,0.687511,2.1555,0.09208,-0.572958,0.0572958,307.908,1.39067e-309,0,0,0
2023,10,27,11,32,16,339,13.9611,0,0.666106,2.16594,0.09208,-0.572958,0.0572958,307.908,1.39067e-309,0,0,0
2023,10,27,11,32,16,359,13.9811,0,0.666106,2.16594,0.09208,-0.572958,0.0572958,307.908,1.39067e-309,0,0,0
2023,10,27,11,32,16,379,14.0011,0,0.666106,2.16594,0.09208,-0.572958,0.0572958,307.908,1.39067e-309,0,0,0
2023,10,27,11,32,16,399,14.0211,0,0.65983,2.17256,0.09212,-0.572958,0.0572958,307.908,1.39067e-309,0,0,0
2023,10,27,11,32,16,419,14.0411,0,0.66121,2.19043,0.09206,-0.572958,0.0572958,307.908,1.39067e-309,0,0,0
2023,10,27,11,32,16,439,14.0611,0,0.66121,2.19043,0.09206,-0.572958,0.0572958,307.908,1.39067e-309,0,0,0
2023,10,27,11,32,16,459,14.0811,0,0.66121,2.19043,0.09206,-0.572958,0.0572958,307.908,1.39067e-309,0,0,0
2023,10,27,11,32,16,479,14.1011,0,0.682984,2.19066,0.0895,-0.572958,0.0572958,307.908,1.39067e-309,0,0,0
2023,10,27,11,32,16,499,14.1211,0,0.682984,2.19066,0.0895,-0.572958,0.0572958,307.908,1.39067e-309,0,0,0
2023,10,27,11,32,16,519,14.1411,0,0.658271,2.19139,0.08902,-0.572958,0.0572958,307.908,1.39067e-309,0,0,0
2023,10,27,11,32,16,539,14.1611,0,0.658271,2.19139,0.08902,-0.572958,0.0572958,307.908,1.39067e-309,0,0,0
2023,10,27,11,32,16,559,14.1812,0,0.662461,2.19598,0.0877,-0.572958,0.0572958,307.908,1.39067e-309,0,0,0
2023,10,27,11,32,16,579,14.2011,0,0.662461,2.19598,0.0877,-0.572958,0.0572958,307.908,1.39067e-309,0,0,0
2023,10,27,11,32,16,599,14.2212,0,0.662461,2.19598,0.0877,-0.572958,0.0572958,307.908,1.39067e-309,0,0,0
2023,10,27,11,32,16,619,14.2411,0,0.662461,2.19598,0.0877,-0.572958,0.0572958,307.908,1.39067e-309,0,0,0
2023,10,27,11,32,16,639,14.2611,0,0.662461,2.19598,0.0877,-0.572958,0.0572958,307.908,1.39067e-309,0,0,0
2023,10,27,11,32,16,659,14.2811,0,0.662461,2.19598,0.0877,-0.572958,0.0572958,307.908,1.39067e-309,0,0,0
